GEO_ID,Geographic Area Name,Households!!Estimate!!Total,Households!!Margin of Error!!Total,"Households!!Estimate!!Less than $10,000","Households!!Margin of Error!!Less than $10,000","Households!!Estimate!!$10,000 to $14,999","Households!!Margin of Error!!$10,000 to $14,999","Households!!Estimate!!$15,000 to $24,999","Households!!Margin of Error!!$15,000 to $24,999","Households!!Estimate!!$25,000 to $34,999","Households!!Margin of Error!!$25,000 to $34,999","Households!!Estimate!!$35,000 to $49,999","Households!!Margin of Error!!$35,000 to $49,999","Households!!Estimate!!$50,000 to $74,999","Households!!Margin of Error!!$50,000 to $74,999","Households!!Estimate!!$75,000 to $99,999","Households!!Margin of Error!!$75,000 to $99,999","Households!!Estimate!!$100,000 to $149,999","Households!!Margin of Error!!$100,000 to $149,999","Households!!Estimate!!$150,000 to $199,999","Households!!Margin of Error!!$150,000 to $199,999","Households!!Estimate!!$200,000 or more","Households!!Margin of Error!!$200,000 or more",Households!!Estimate!!Median income (dollars),Households!!Margin of Error!!Median income (dollars),Households!!Estimate!!Mean income (dollars),Households!!Margin of Error!!Mean income (dollars),Households!!Estimate!!PERCENT IMPUTED!!Household income in the past 12 months,Households!!Margin of Error!!PERCENT IMPUTED!!Household income in the past 12 months,Households!!Estimate!!PERCENT IMPUTED!!Family income in the past 12 months,Households!!Margin of Error!!PERCENT IMPUTED!!Family income in the past 12 months,Households!!Estimate!!PERCENT IMPUTED!!Nonfamily income in the past 12 months,Households!!Margin of Error!!PERCENT IMPUTED!!Nonfamily income in the past 12 months,Families!!Estimate!!Total,Families!!Margin of Error!!Total,"Families!!Estimate!!Less than $10,000","Families!!Margin of Error!!Less than $10,000","Families!!Estimate!!$10,000 to $14,999","Families!!Margin of Error!!$10,000 to $14,999","Families!!Estimate!!$15,000 to $24,999","Families!!Margin of Error!!$15,000 to $24,999","Families!!Estimate!!$25,000 to $34,999","Families!!Margin of Error!!$25,000 to $34,999","Families!!Estimate!!$35,000 to $49,999","Families!!Margin of Error!!$35,000 to $49,999","Families!!Estimate!!$50,000 to $74,999","Families!!Margin of Error!!$50,000 to $74,999","Families!!Estimate!!$75,000 to $99,999","Families!!Margin of Error!!$75,000 to $99,999","Families!!Estimate!!$100,000 to $149,999","Families!!Margin of Error!!$100,000 to $149,999","Families!!Estimate!!$150,000 to $199,999","Families!!Margin of Error!!$150,000 to $199,999","Families!!Estimate!!$200,000 or more","Families!!Margin of Error!!$200,000 or more",Families!!Estimate!!Median income (dollars),Families!!Margin of Error!!Median income (dollars),Families!!Estimate!!Mean income (dollars),Families!!Margin of Error!!Mean income (dollars),Families!!Estimate!!PERCENT IMPUTED!!Household income in the past 12 months,Families!!Margin of Error!!PERCENT IMPUTED!!Household income in the past 12 months,Families!!Estimate!!PERCENT IMPUTED!!Family income in the past 12 months,Families!!Margin of Error!!PERCENT IMPUTED!!Family income in the past 12 months,Families!!Estimate!!PERCENT IMPUTED!!Nonfamily income in the past 12 months,Families!!Margin of Error!!PERCENT IMPUTED!!Nonfamily income in the past 12 months,Married-couple families!!Estimate!!Total,Married-couple families!!Margin of Error!!Total,"Married-couple families!!Estimate!!Less than $10,000","Married-couple families!!Margin of Error!!Less than $10,000","Married-couple families!!Estimate!!$10,000 to $14,999","Married-couple families!!Margin of Error!!$10,000 to $14,999","Married-couple families!!Estimate!!$15,000 to $24,999","Married-couple families!!Margin of Error!!$15,000 to $24,999","Married-couple families!!Estimate!!$25,000 to $34,999","Married-couple families!!Margin of Error!!$25,000 to $34,999","Married-couple families!!Estimate!!$35,000 to $49,999","Married-couple families!!Margin of Error!!$35,000 to $49,999","Married-couple families!!Estimate!!$50,000 to $74,999","Married-couple families!!Margin of Error!!$50,000 to $74,999","Married-couple families!!Estimate!!$75,000 to $99,999","Married-couple families!!Margin of Error!!$75,000 to $99,999","Married-couple families!!Estimate!!$100,000 to $149,999","Married-couple families!!Margin of Error!!$100,000 to $149,999","Married-couple families!!Estimate!!$150,000 to $199,999","Married-couple families!!Margin of Error!!$150,000 to $199,999","Married-couple families!!Estimate!!$200,000 or more","Married-couple families!!Margin of Error!!$200,000 or more",Married-couple families!!Estimate!!Median income (dollars),Married-couple families!!Margin of Error!!Median income (dollars),Married-couple families!!Estimate!!Mean income (dollars),Married-couple families!!Margin of Error!!Mean income (dollars),Married-couple families!!Estimate!!PERCENT IMPUTED!!Household income in the past 12 months,Married-couple families!!Margin of Error!!PERCENT IMPUTED!!Household income in the past 12 months,Married-couple families!!Estimate!!PERCENT IMPUTED!!Family income in the past 12 months,Married-couple families!!Margin of Error!!PERCENT IMPUTED!!Family income in the past 12 months,Married-couple families!!Estimate!!PERCENT IMPUTED!!Nonfamily income in the past 12 months,Married-couple families!!Margin of Error!!PERCENT IMPUTED!!Nonfamily income in the past 12 months,Nonfamily households!!Estimate!!Total,Nonfamily households!!Margin of Error!!Total,"Nonfamily households!!Estimate!!Less than $10,000","Nonfamily households!!Margin of Error!!Less than $10,000","Nonfamily households!!Estimate!!$10,000 to $14,999","Nonfamily households!!Margin of Error!!$10,000 to $14,999","Nonfamily households!!Estimate!!$15,000 to $24,999","Nonfamily households!!Margin of Error!!$15,000 to $24,999","Nonfamily households!!Estimate!!$25,000 to $34,999","Nonfamily households!!Margin of Error!!$25,000 to $34,999","Nonfamily households!!Estimate!!$35,000 to $49,999","Nonfamily households!!Margin of Error!!$35,000 to $49,999","Nonfamily households!!Estimate!!$50,000 to $74,999","Nonfamily households!!Margin of Error!!$50,000 to $74,999","Nonfamily households!!Estimate!!$75,000 to $99,999","Nonfamily households!!Margin of Error!!$75,000 to $99,999","Nonfamily households!!Estimate!!$100,000 to $149,999","Nonfamily households!!Margin of Error!!$100,000 to $149,999","Nonfamily households!!Estimate!!$150,000 to $199,999","Nonfamily households!!Margin of Error!!$150,000 to $199,999","Nonfamily households!!Estimate!!$200,000 or more","Nonfamily households!!Margin of Error!!$200,000 or more",Nonfamily households!!Estimate!!Median income (dollars),Nonfamily households!!Margin of Error!!Median income (dollars),Nonfamily households!!Estimate!!Mean income (dollars),Nonfamily households!!Margin of Error!!Mean income (dollars),Nonfamily households!!Estimate!!PERCENT IMPUTED!!Household income in the past 12 months,Nonfamily households!!Margin of Error!!PERCENT IMPUTED!!Household income in the past 12 months,Nonfamily households!!Estimate!!PERCENT IMPUTED!!Family income in the past 12 months,Nonfamily households!!Margin of Error!!PERCENT IMPUTED!!Family income in the past 12 months,Nonfamily households!!Estimate!!PERCENT IMPUTED!!Nonfamily income in the past 12 months,Nonfamily households!!Margin of Error!!PERCENT IMPUTED!!Nonfamily income in the past 12 months
1400000US08031000102,"Census Tract 1.02, Denver County, Colorado",1584,71,5.6,2.6,2.3,1.8,8.6,4.3,8.3,4.6,6.3,3.4,24.2,6.9,11.7,3.5,19.3,5.3,6,2.9,7.7,4.5,70638,8656,86462,11040,26.9,(X),(X),(X),(X),(X),839,108,0,3.5,1.2,1.8,4.9,6,6.9,5.1,4.4,3.4,20,9.4,13.5,5.4,28.2,8.4,7.6,4.3,13.2,8.5,97656,31450,111900,17751,(X),(X),34,(X),(X),(X),712,110,0,4.1,1.4,2.1,5.8,7,4.9,3.4,3.9,3.6,19.7,11,10.4,5.6,30.3,9.1,9,5.2,14.6,9.4,(X),(X),N,N,(X),(X),(X),(X),(X),(X),745,110,11.9,5.4,3.5,3.2,12.8,5.6,9.8,6.9,9.7,6.1,29.1,11,8.3,4.6,9.3,5.2,4.2,4,1.5,2.5,52917,9824,57168,9412,(X),(X),(X),(X),18.9,(X)
1400000US08031000201,"Census Tract 2.01, Denver County, Colorado",1531,67,7.8,4.3,7.3,3.9,9.9,4.2,6.4,3,21.6,6.6,15.1,4.6,14.5,5.1,12.5,4.3,2.9,2.4,2,2.6,47969,5170,61640,6984,27.4,(X),(X),(X),(X),(X),865,112,2.3,2.1,4.5,3.6,6.2,4.2,8.2,4.9,21,8.2,16.9,6.3,17.7,8.2,18.6,7.4,3.8,3.8,0.7,1.2,61932,11469,69084,7195,(X),(X),24.4,(X),(X),(X),658,106,1.1,1.5,0,4.5,2.7,2.9,10.8,6.3,22,9.1,16.9,8,20.5,9.6,20.1,9.2,5,4.9,0.9,1.5,67857,23045,N,N,(X),(X),(X),(X),(X),(X),666,97,14.9,8.7,11,7.1,14.7,7.6,4.1,3.6,22.2,8.1,14.4,7.1,10.4,6.1,3,3,1.7,1.9,3.8,5.8,37879,6594,51101,14965,(X),(X),(X),(X),31.4,(X)
1400000US08031000202,"Census Tract 2.02, Denver County, Colorado",1676,73,17.1,5.2,5.6,3.2,8.8,3.9,8.2,5,8.1,3.7,14.3,4.7,16.3,4.5,15.1,5.5,2.6,1.9,3.9,2.9,52102,9946,70882,13940,21.3,(X),(X),(X),(X),(X),982,115,17.2,7,5,4.5,7.3,4,6.3,6,7.9,4.7,13.6,5.9,17.7,6.2,17.3,6.5,2.6,2.6,4.9,4.3,54318,28582,79143,20563,(X),(X),25.1,(X),(X),(X),564,113,0,5.2,4.4,7,6.7,4.9,6.7,8.2,5.5,4.3,16,8.9,22.2,8.8,25.4,9.8,4.6,4.5,8.5,7.3,(X),(X),N,N,(X),(X),(X),(X),(X),(X),694,113,17,8.4,6.5,4.3,11,7.2,14.3,9.9,8.2,5.4,13,6.1,13.3,6.7,12,8.7,2.4,2.7,2.4,2.6,35865,14649,58019,13961,(X),(X),(X),(X),16,(X)
1400000US08031000301,"Census Tract 3.01, Denver County, Colorado",2660,112,7.6,5.3,4.5,3.8,6.8,3.1,10.8,4.9,13.2,5.9,15.7,6.4,7.3,3.1,19.2,5.6,5.9,3.3,9.1,4,61603,10275,85026,9879,24.9,(X),(X),(X),(X),(X),1284,180,2.5,2.7,1.1,1.9,5.8,6.5,4.5,4.2,13.9,10,18.7,10,10.3,6.5,20.9,8.9,11.5,7.6,10.8,7.3,76875,24743,98785,14189,(X),(X),12.5,(X),(X),(X),1058,197,1.4,2.3,0,2.8,1.2,1.9,2.3,3.1,14.1,11.5,18.1,11.2,12.5,7.9,25.3,10.1,11.9,8.7,13.1,8.8,103056,36766,N,N,(X),(X),(X),(X),(X),(X),1376,196,12.4,9.4,7.8,7.2,12.1,5.7,12.1,7.6,12.6,6,12.9,7.8,5.5,4.1,16.6,7.3,2.3,2.5,5.8,4.1,42250,13937,70083,15395,(X),(X),(X),(X),31.9,(X)
1400000US08031000302,"Census Tract 3.02, Denver County, Colorado",2026,117,0,1.5,4.6,4.4,3.7,2.9,9,5.9,16.7,7.1,13.3,5.1,12.7,5.9,20,7.5,11.2,5.3,8.8,4.5,82885,18381,102986,13174,21.4,(X),(X),(X),(X),(X),884,183,0,3.3,6.2,8.8,0,3.3,16,10.9,3.5,4.6,14.7,7.2,7,5.4,25.1,11.9,13.1,8,14.4,8,108636,41187,119972,26051,(X),(X),14,(X),(X),(X),658,144,0,4.5,0,4.5,0,4.5,7.1,7.2,4.7,6,15.5,8.1,8.1,7.1,29.9,13.3,15.3,9.4,19.3,9.8,(X),(X),N,N,(X),(X),(X),(X),(X),(X),1142,216,0,2.6,3.4,4,6.5,5.1,10.7,9.3,20.2,9.9,12.3,6.9,16.7,9.2,16,8.9,11,9,3.2,4.9,67414,23035,84130,15221,(X),(X),(X),(X),21.9,(X)
1400000US08031000303,"Census Tract 3.03, Denver County, Colorado",2200,145,5.3,4.8,2.1,2.9,8.3,4.7,8.3,4.2,9,4.5,7.2,3.1,12.5,4.8,16.7,5.2,8.8,4.3,21.7,6,94010,16435,130694,21408,17.4,(X),(X),(X),(X),(X),1042,164,0,2.8,0,2.8,3.1,3.5,7,5.7,8.7,6.2,5.9,5,9.8,6,23.9,8.5,16.9,10.3,24.8,8.3,125000,23700,148056,20516,(X),(X),20.6,(X),(X),(X),848,168,0,3.5,0,3.5,3.8,4.3,7.2,6.7,5.8,4.8,7.2,6.2,10.1,6.6,22.3,8.4,14.9,8,28.8,9.3,(X),(X),N,N,(X),(X),(X),(X),(X),(X),1158,148,10,9.1,4,5.5,13,7.9,9.5,6.1,9.3,6.5,8.4,5.1,14.9,7.4,10.3,5.7,5.9,6,14.7,6.7,66000,30082,113176,31867,(X),(X),(X),(X),14.5,(X)
1400000US08031000401,"Census Tract 4.01, Denver County, Colorado",1423,63,6.8,3.5,3.2,3,13,5.7,9.3,3.8,15.2,5.6,14.4,4.5,16.3,5.8,13.4,4.1,5.8,3.4,2.6,2.1,52872,8221,67472,5746,24.8,(X),(X),(X),(X),(X),809,102,6.7,7.6,0,3.6,11.5,6.2,9.5,5.9,15.7,7.9,18,7.2,14.8,6.8,14.3,5.9,4.8,4.1,4.6,3.7,58750,16524,72613,9504,(X),(X),19.8,(X),(X),(X),529,89,0,5.5,0,5.5,9.1,7.1,4.5,4.6,21.4,10.7,18.1,7.9,12.1,6.8,20.4,9,7.4,6.1,7,5.4,(X),(X),N,N,(X),(X),(X),(X),(X),(X),614,99,11.2,6.5,7.5,6.9,15,10.3,9,5.9,10.3,7.7,13,6.3,14.8,9.6,12.1,6.8,7.2,5,0,4.8,44375,12476,57625,9155,(X),(X),(X),(X),31.4,(X)
1400000US08031000402,"Census Tract 4.02, Denver County, Colorado",2935,176,8.2,5.1,6.7,4.2,10.3,3.9,7.2,3.9,10.1,4.4,14.2,5.4,8,3.3,16.6,5.6,8.8,3.7,9.9,3.9,64375,8282,93502,14386,19.7,(X),(X),(X),(X),(X),866,138,0,3.4,6.5,5.9,8.4,8.3,3.6,4.5,5.5,4.6,11.3,9,8,6.5,29.3,13.1,9.7,6.2,17.7,9.1,111250,19366,143864,38304,(X),(X),23,(X),(X),(X),634,129,0,4.6,3.5,5.3,2.7,3.3,3.3,5.3,4.3,5,6,5.5,10.9,8.7,32,14.7,13.2,8.4,24.1,12.4,(X),(X),N,N,(X),(X),(X),(X),(X),(X),2069,228,11.6,7.2,6.8,5.5,11,4.8,8.7,5.1,12,5.8,15.5,6.4,8,3.9,11.2,5.7,8.5,4.9,6.7,4.4,49602,16949,72359,11921,(X),(X),(X),(X),18.4,(X)
1400000US08031000501,"Census Tract 5.01, Denver County, Colorado",934,57,3.7,3.5,5.7,3.7,3.7,2.4,6.1,3.7,9.7,4.9,15.3,5.1,10.6,4.2,21.8,6.3,10.3,3.1,13,4.6,89500,16041,104245,10967,27.6,(X),(X),(X),(X),(X),455,57,0,6.4,2.4,2.6,1.3,2,2,2.2,2.2,2.5,17.1,7.6,14.7,6.2,25.5,9,16.3,5.9,18.5,7.2,120625,10267,137818,14794,(X),(X),25.1,(X),(X),(X),405,61,0,7.1,2.7,2.9,1.5,2.3,1,1.6,1.5,2.3,15.3,7.9,13.3,5.6,28.6,10.3,15.3,5.7,20.7,8,122431,13971,N,N,(X),(X),(X),(X),(X),(X),479,75,7.3,6.6,8.8,6.6,6.1,4.6,10,6.6,16.9,9.2,14.2,7.2,8.1,5.9,17.7,7.4,3.1,2.5,7.7,7.6,50938,10211,70911,13564,(X),(X),(X),(X),30.1,(X)
1400000US08031000502,"Census Tract 5.02, Denver County, Colorado",2771,92,9.9,4.4,12.4,4.5,10.4,4.5,7.5,2.9,9.7,4.1,11.5,4.6,7.5,4.6,14.4,5,6.6,2.9,9.9,4.8,50121,9635,86297,14586,25.3,(X),(X),(X),(X),(X),1301,146,3.9,5.2,14.1,8.4,8.2,6.7,9,5.1,9.8,6.1,6.1,4,5.5,5.3,20.6,7.9,12,5.6,10.8,6.2,73092,40041,102000,24241,(X),(X),23.4,(X),(X),(X),829,155,0,3.6,8.1,11.1,3,4.7,8.6,6.9,5.2,5.7,6.2,5.6,5.9,7.4,31,12.9,18.8,8.9,13.3,7.7,(X),(X),N,N,(X),(X),(X),(X),(X),(X),1470,160,15.2,7.1,12.4,5.9,15.1,7.2,3.4,3.3,9.7,5.8,16.3,7.7,7.8,5.8,9.7,5.7,1.2,1.8,9.1,7.1,41316,15576,70868,19695,(X),(X),(X),(X),25.5,(X)
1400000US08031000600,"Census Tract 6, Denver County, Colorado",1418,80,9.8,4.3,9.2,4.9,10.6,5.5,13.3,5.9,16.5,5.5,17.3,6.7,5.9,2.9,9,3.6,4.7,3.3,3.7,3.3,40819,5103,69223,24823,26.7,(X),(X),(X),(X),(X),516,117,3.9,5.8,10.7,9,9.7,10.2,20.9,11.5,13.2,8.8,16.5,9.6,5.6,4.4,11.4,7.1,2.3,2.7,5.8,5.5,46250,15843,62005,12108,(X),(X),27.7,(X),(X),(X),355,99,0,8.1,15.5,12.5,8.5,11.8,17.7,11.5,14.6,11.1,11,9.7,8.2,6.6,12.7,8.6,3.4,4,8.5,8.2,(X),(X),N,N,(X),(X),(X),(X),(X),(X),902,118,15.4,6.5,8.4,5.4,11.2,6.3,8,5.8,18.4,7.3,16.5,8.5,6,3.6,7.6,3.6,6,4.8,2.4,3.8,39492,4535,72646,38839,(X),(X),(X),(X),23.8,(X)
1400000US08031000701,"Census Tract 7.01, Denver County, Colorado",1743,113,20.3,5.7,10.3,4.4,24.1,6.6,3.3,2.4,15.6,5.7,11.1,3.6,7.3,3.3,6.3,2.7,0.4,0.6,1.4,1.1,22134,4725,45459,9405,39,(X),(X),(X),(X),(X),670,121,11.8,7.7,6.3,6.5,17.3,9.3,7.2,5.3,20,9.6,12.2,5.5,11.6,7.6,10.1,6,1,1.6,2.4,2.8,38592,3328,64552,24938,(X),(X),47.9,(X),(X),(X),373,116,4,4.7,5.6,8.8,31.1,14.9,8.8,8.4,12.9,11.3,6.4,5.7,6.7,6.6,18.2,10.7,1.9,2.9,4.3,4.9,35197,13549,N,N,(X),(X),(X),(X),(X),(X),1073,143,25.5,8.7,12.8,6,28.3,8.5,2.3,2,15.8,7.1,6.1,4.2,4.7,3.1,3.8,3.2,0,2.8,0.7,1.2,17377,1811,32599,6932,(X),(X),(X),(X),33.4,(X)
1400000US08031000702,"Census Tract 7.02, Denver County, Colorado",1921,129,22.1,6.2,5,3.2,21.9,5.6,14.6,4.6,6.6,3.5,13.7,4.6,6.9,3.3,5,2.8,2.9,2.5,1.2,1.1,25554,3841,42414,6190,30.5,(X),(X),(X),(X),(X),936,148,28.3,8.9,2.7,3,26.6,10.2,8.3,6.4,6.8,5.4,8.4,6,7.6,4.8,4.4,4.1,5.1,5.1,1.7,2,22500,4013,42201,10633,(X),(X),29.3,(X),(X),(X),449,114,9.1,9.3,0,6.5,27.4,12.3,7.1,7.2,12,10.7,11.6,9.9,11.8,7.6,6.7,6.8,10.7,9.8,3.6,4,(X),(X),N,N,(X),(X),(X),(X),(X),(X),985,159,22.7,8.2,8.2,5.7,14.7,6.9,15.8,7.2,7.3,4.5,18.8,7.2,5.8,4.6,5.1,3.5,0.7,1.3,0.8,1.2,27361,4930,40579,7607,(X),(X),(X),(X),28.6,(X)
1400000US08031000800,"Census Tract 8, Denver County, Colorado",475,35,51.6,11.8,7.4,4.5,28.6,11,11.4,8.6,1.1,1.8,0,6.1,0,6.1,0,6.1,0,6.1,0,6.1,9849,2999,13163,2463,37.5,(X),(X),(X),(X),(X),334,52,47,13.7,6,5,35.6,14.1,11.4,10.7,0,8.6,0,8.6,0,8.6,0,8.6,0,8.6,0,8.6,11667,7132,12602,2843,(X),(X),44,(X),(X),(X),47,34,0,41.6,0,41.6,87.2,17.6,12.8,17.6,0,41.6,0,41.6,0,41.6,0,41.6,0,41.6,0,41.6,20893,3555,N,N,(X),(X),(X),(X),(X),(X),141,43,62.4,20,10.6,10.2,15.6,17.3,7.8,12,3.5,6.1,0,19,0,19,0,19,0,19,0,19,9466,763,13794,4119,(X),(X),(X),(X),22,(X)
1400000US08031000902,"Census Tract 9.02, Denver County, Colorado",1725,92,5.9,2.7,8.3,4.5,12.8,5.2,10,4.7,13.3,5,25.4,6.5,12.3,4.1,9.3,3.3,2.3,1.7,0.5,0.8,49878,8569,56791,6061,32.7,(X),(X),(X),(X),(X),1262,111,2.2,2.6,5.9,4.2,13.5,6.8,9.2,4.6,17.2,6.5,27.2,7.6,11.8,5.2,9.9,4.3,3.1,2.3,0,2.3,54453,8915,59267,5763,(X),(X),35,(X),(X),(X),781,143,0,3.8,3.3,4,4.7,3.4,9.5,6.5,16.8,8.3,35,9.8,12.9,5.6,14.1,6.3,3.7,2.9,0,3.8,(X),(X),N,N,(X),(X),(X),(X),(X),(X),463,107,15.8,6.9,21.8,12.4,19,11.7,6.9,5.1,6,5.3,11.9,6.4,10.8,8.4,5.8,4.8,0,6.3,1.9,3.1,20221,8201,42348,11702,(X),(X),(X),(X),21.6,(X)
1400000US08031000903,"Census Tract 9.03, Denver County, Colorado",1960,65,13.2,4.8,6,3.6,15.8,4.8,12.4,4.7,16.2,4.9,18.2,5.8,13.4,6,3.9,2.6,0,1.5,0.8,1.3,39528,8727,43761,4541,37.9,(X),(X),(X),(X),(X),1487,124,10.4,5.6,7.6,4.9,17.1,6.1,16.2,6.2,16.1,5.9,16.1,5.9,12.3,6.7,4.2,3.1,0,2,0,2,33150,14684,41800,4870,(X),(X),43.8,(X),(X),(X),889,136,12.3,8.6,6.2,5.8,11.2,7.1,16.4,7.8,15.4,5.7,18.1,7.4,15.6,9.3,4.7,3.9,0,3.3,0,3.3,43869,15000,N,N,(X),(X),(X),(X),(X),(X),473,106,23.9,9,8.2,5.6,10.6,5.6,3,3.2,25.6,13.7,15.6,10.3,6.6,6.5,3.2,3.9,0,6.1,3.4,5.4,41528,15207,41034,10778,(X),(X),(X),(X),19,(X)
1400000US08031000904,"Census Tract 9.04, Denver County, Colorado",1780,77,19.2,5,8.3,3.1,18.8,4.8,11.5,4.7,15.8,5.1,15.1,4.1,6,3.6,3.5,2.6,1.8,1.8,0,1.7,26279,2183,37198,4546,38.8,(X),(X),(X),(X),(X),1031,112,9.6,5.6,3.1,2.8,19.6,6.6,15.4,7.8,16.7,5.5,18.5,5.6,8.5,5.5,6.1,4.5,2.4,3,0,2.9,37969,8706,45501,6386,(X),(X),42.6,(X),(X),(X),602,122,6.5,6.4,2.8,4.1,16.3,7.3,7.6,5.3,14.1,7.6,24.4,9.8,14.6,8.7,9.5,7.6,4.2,5.1,0,4.9,51600,11895,N,N,(X),(X),(X),(X),(X),(X),749,103,35.6,8.7,15.5,7.5,15.4,7.3,7.1,4.3,12.7,7.6,10.3,6.2,2.5,3.9,0,3.9,0.9,1.5,0,3.9,14640,4297,24953,4701,(X),(X),(X),(X),33.6,(X)
1400000US08031000905,"Census Tract 9.05, Denver County, Colorado",1156,63,8.1,5,8.8,4.6,6.6,3,22.1,7.8,11.3,4.7,25.7,8.4,8.4,4.5,8.9,5.1,0,2.6,0,2.6,40000,9117,46951,5518,38.1,(X),(X),(X),(X),(X),762,89,9.1,6.5,3.8,4.2,7.7,4.7,22.4,9.8,17.5,10.2,23.6,8.9,7,5.3,8.9,6.3,0,3.9,0,3.9,41005,4950,46709,6924,(X),(X),41.1,(X),(X),(X),493,92,1.2,2.1,1,1.5,4.1,3.9,25.2,12.6,12.6,7.9,34.1,12.8,8.1,6.8,13.8,9.2,0,5.9,0,5.9,(X),(X),N,N,(X),(X),(X),(X),(X),(X),394,99,7.6,9.4,18.5,9.8,9.6,6.9,21.6,12.1,9.4,7.7,17.8,12.7,11.2,8.6,4.3,6.6,0,7.3,0,7.3,30641,5890,40483,9647,(X),(X),(X),(X),32.5,(X)
1400000US08031001000,"Census Tract 10, Denver County, Colorado",1165,81,16.7,7.3,11.2,6.3,16.1,8.7,12.1,6,16.7,7.3,16.7,8.3,7.8,5.5,0.4,0.8,1.4,1.6,0.9,1.3,27176,8340,37230,5938,29.6,(X),(X),(X),(X),(X),802,105,15.3,9.3,8.4,6.7,17.1,10.2,12.1,7.4,15.1,7.7,20.4,11.1,8.9,7.3,0.6,1.1,0.7,1.3,1.4,1.9,31591,12824,39885,7646,(X),(X),28.6,(X),(X),(X),481,130,5.4,8.1,7.5,8.1,18.9,12.9,12.9,9.5,18.1,11.2,17.9,12,14.8,11.5,1,1.9,1.2,2.3,2.3,3.2,(X),(X),N,N,(X),(X),(X),(X),(X),(X),363,108,19.6,12,17.6,14.4,13.8,11,12.1,10.7,24.5,16.1,4.1,4.9,5.5,6.1,0,7.9,2.8,4.9,0,7.9,24698,7769,30866,8828,(X),(X),(X),(X),27.5,(X)
1400000US08031001101,"Census Tract 11.01, Denver County, Colorado",941,54,13.9,5.3,5.1,3.6,12,5.1,7.8,3.2,18.2,5.9,18.4,6,10.1,4.8,11.1,4.2,3,2.1,0.5,0.8,43750,6225,53708,5260,42.4,(X),(X),(X),(X),(X),634,86,16.4,7.2,3.3,3.9,10.9,5.8,9.8,5.1,19.7,7.3,17.2,6.8,5.5,4.2,14.4,5.9,2.1,2.3,0.8,1.2,39000,9773,53508,6900,(X),(X),44.5,(X),(X),(X),360,74,6.9,6.2,0,8,14.4,8.5,3.3,3.5,23.1,9.2,17.5,9,9.7,7.5,20,9.2,3.6,4,1.4,2.1,(X),(X),N,N,(X),(X),(X),(X),(X),(X),307,69,13.4,9.4,8.8,6.1,11.1,8,8.8,4.8,12.4,9.1,21.8,10.8,14.7,9.8,7.8,5.4,1.3,2.1,0,9.3,44716,8480,47873,7539,(X),(X),(X),(X),36.5,(X)
1400000US08031001102,"Census Tract 11.02, Denver County, Colorado",1625,93,9.9,4.3,2.4,1.8,5.7,3.9,2.7,2,14,4.6,18.4,5.2,18.1,5.9,11,4.2,11.1,4.6,6.6,2.9,71146,7795,94082,13226,25.2,(X),(X),(X),(X),(X),734,122,12.9,7.7,1.2,1.7,5.3,5.2,1.5,2.3,17.3,7,7.5,5,23.2,9.7,10.5,6.1,15.8,7.1,4.8,4.1,79539,9988,90417,14192,(X),(X),21.1,(X),(X),(X),430,92,0,6.7,0,6.7,2.1,3.3,2.6,3.9,16.5,11.4,12.8,7.8,24.4,10.8,9.1,5.7,24.4,11.5,8.1,6.9,(X),(X),N,N,(X),(X),(X),(X),(X),(X),891,127,7.4,4,3.4,2.8,7,5.2,3.7,3,10.3,5.2,27.4,8.4,15.8,7,12.7,6.2,5.1,4.1,7.3,3.7,65759,6184,92170,20207,(X),(X),(X),(X),28.5,(X)
1400000US08031001301,"Census Tract 13.01, Denver County, Colorado",1545,99,6.7,4.3,4.9,3.8,14.2,5.6,11.7,5.2,14,5,23.5,6.7,10.1,4.1,9.8,4.7,4.5,3.9,0.6,1,47824,11530,56965,7511,35.1,(X),(X),(X),(X),(X),977,126,3.7,3,4.2,3.8,12.3,7.1,12.7,6.8,19.2,8.8,22.6,7.1,8.4,5.2,9.7,6.7,7.2,6,0,3,48102,8154,59589,9130,(X),(X),39.6,(X),(X),(X),558,124,3.4,3.9,4.7,5.8,13.3,10,2.9,3.5,22.8,11.7,27.4,10.7,9.5,6.4,13.1,9.8,3,3.6,0,5.2,(X),(X),N,N,(X),(X),(X),(X),(X),(X),568,133,12.9,9.9,7.2,7.9,17.6,9.3,9.7,6.6,11.3,8.2,21.8,13.3,8.1,5.8,9.9,7.1,0,5.1,1.6,2.6,36442,16652,48177,11298,(X),(X),(X),(X),22.4,(X)
1400000US08031001302,"Census Tract 13.02, Denver County, Colorado",1392,40,8.3,5,4.6,2.8,10.2,4.4,12.9,5.3,15.4,5.3,31.3,7.4,9,5,6.3,3.4,2.2,2.4,0,2.1,47333,7277,50426,4703,29,(X),(X),(X),(X),(X),915,104,8.6,6.7,1.6,1.5,9.4,6.3,14.4,5.7,11.6,5.6,32.5,9.3,13.7,7.3,4.9,3.3,3.3,3.7,0,3.2,51110,3289,54260,6295,(X),(X),35,(X),(X),(X),592,107,1.9,2.8,2.5,2.2,10,9.2,6.6,6.7,17.9,8.1,36,11.6,14.4,8.6,5.7,4.5,5.1,5.8,0,4.9,(X),(X),N,N,(X),(X),(X),(X),(X),(X),477,110,8.8,7.7,10.3,7.7,10.5,8.7,12.4,10,22.9,12.1,26.4,13.6,0,6.1,8.8,10,0,6.1,0,6.1,38875,9112,42057,9905,(X),(X),(X),(X),14,(X)
1400000US08031001401,"Census Tract 14.01, Denver County, Colorado",1977,93,15.8,4.3,6.1,3.2,15.7,5.2,9.6,3.9,12.8,4.8,18.4,4.2,7.2,4.1,12.3,4,1.3,1.2,0.9,1,38175,4436,49473,4942,29.9,(X),(X),(X),(X),(X),1271,118,2.1,2,3.3,3.3,16.6,6,14.2,6,16.5,6,18,5.8,9,3.9,18.3,6.2,2,1.9,0,2.3,46956,6945,58390,6041,(X),(X),30.8,(X),(X),(X),849,120,1.2,1.9,2.6,4,15.7,7,11.7,7.2,14.4,8,15.8,7.5,11.7,5.6,24.1,7.5,2.9,2.8,0,3.5,(X),(X),N,N,(X),(X),(X),(X),(X),(X),706,131,40.4,10.5,11,6.5,17,8.5,1.3,1.5,10.9,5.2,15.6,6.6,1.3,2.2,0,4.2,0,4.2,2.5,2.8,14219,4325,29789,8097,(X),(X),(X),(X),27.3,(X)
1400000US08031001402,"Census Tract 14.02, Denver County, Colorado",1410,64,13.1,4.4,2.8,1.8,20.6,6.4,12.8,4.9,12.7,5.4,25.5,7.5,9.4,5.9,1,1.4,1.5,2.1,0.6,1,36667,9479,42255,4426,34.8,(X),(X),(X),(X),(X),900,120,6,4.5,3,3.2,23.4,8.6,15.8,6.9,15.3,8.3,26.4,8.6,8.4,6.3,1.6,2.2,0,3.3,0,3.3,37614,10626,41094,4776,(X),(X),39.9,(X),(X),(X),536,95,3,3.7,0.9,1.5,15.3,8.4,21.1,11.4,19.2,13.3,23.7,11.4,14.2,11.2,2.6,3.8,0,5.4,0,5.4,42614,8595,N,N,(X),(X),(X),(X),(X),(X),510,129,25.7,11,4.7,4.7,22,12.3,6.1,5.4,8,6,18,10.4,9.6,11,0,5.7,4.1,5.7,1.8,2.9,24400,8393,41014,11095,(X),(X),(X),(X),20.8,(X)
1400000US08031001403,"Census Tract 14.03, Denver County, Colorado",1613,100,9.2,3.5,4,2.6,5.3,3,16.1,6,12.5,4.5,21.3,5.5,17.7,6.8,8.1,4.6,3.7,4.6,2.3,1.8,51054,2995,61298,6502,20.2,(X),(X),(X),(X),(X),569,125,14.8,8.6,1.8,3.2,6.2,5.8,2.3,2.9,18.1,12.2,14.6,9.4,7,5.4,20.4,11.3,9.7,11.7,5.3,5.1,58858,22899,79387,16172,(X),(X),25,(X),(X),(X),352,103,9.9,11.4,2.8,5.2,9.9,9,3.7,4.7,0,8.2,21.3,13.6,9.1,7.9,31.5,16.6,3.1,4.7,8.5,8.2,(X),(X),N,N,(X),(X),(X),(X),(X),(X),1044,154,6.1,3.3,5.2,4,4.8,3.5,24.3,8.6,11.5,5.4,24.1,7.4,21.5,8.5,1.3,1.5,0.5,0.8,0.7,1.1,46667,11578,50332,5302,(X),(X),(X),(X),17.6,(X)
1400000US08031001500,"Census Tract 15, Denver County, Colorado",1071,93,19.4,7.1,10.1,5.8,14,6.4,11.7,6.1,12,6,16.2,6.9,9.3,5.4,6.6,5.1,0.7,1.1,0,2.8,29639,7049,40210,6442,40.6,(X),(X),(X),(X),(X),585,106,3.8,4.2,10.3,8.7,14.4,8.4,10.6,7.7,16.2,9.4,23.6,9.1,8.5,6.9,11.5,9,1.2,2,0,5,46023,8356,50225,7825,(X),(X),49.7,(X),(X),(X),333,89,2.1,3.4,3.3,5.3,15.6,12,7.5,8.3,9,8.3,38.4,15.2,15,11.7,6.9,7.4,2.1,3.4,0,8.6,(X),(X),N,N,(X),(X),(X),(X),(X),(X),486,103,38.3,14.8,9.9,7.2,13.6,10,13,9.6,13.4,9.5,7.2,7.3,3.9,4.2,0.8,1.7,0,6,0,6,16324,8221,23529,5849,(X),(X),(X),(X),29.6,(X)
1400000US08031001600,"Census Tract 16, Denver County, Colorado",4465,298,4.7,2.5,3.2,2.2,7.1,3.8,7.8,5.1,13.4,4.6,17.7,5.9,15.5,6.3,18.9,6.9,6.5,4.2,5.3,3.2,68839,11276,87212,11356,24.9,(X),(X),(X),(X),(X),1205,295,0,2.5,6.9,7.1,10.1,10.1,16.4,14.9,8.2,6.8,8.9,9.9,7.2,6.5,23.2,12.3,4,4.2,15.1,9.3,66250,48888,108102,31273,(X),(X),31,(X),(X),(X),787,224,0,3.7,5.5,8,15.5,14.8,9.8,16.9,12.6,9.7,11.7,14.5,8.3,8.7,20.8,13.1,3,4.8,12.8,8.2,(X),(X),N,N,(X),(X),(X),(X),(X),(X),3260,352,6.4,3.3,1.8,2.2,6,3.5,4.6,3.7,15.3,6.6,21,7.2,18.6,7.7,17.3,7.8,7.4,5.5,1.7,1.7,68968,11226,78511,10245,(X),(X),(X),(X),22.7,(X)
1400000US08031001701,"Census Tract 17.01, Denver County, Colorado",3439,207,13.9,4.3,8.8,4.1,3.3,1.6,2.2,1.9,2.9,2,15.1,5.4,13.4,4.2,14.1,4.3,7.5,3.1,18.8,5.3,81961,11344,121554,17636,16.5,(X),(X),(X),(X),(X),794,197,13.6,9.1,0.8,1.6,6.8,5.2,0,3.7,3,4.5,4.5,4.9,11,8.9,13.6,8.3,14.1,6.4,32.6,10.4,138026,33893,178378,40920,(X),(X),16.8,(X),(X),(X),734,182,11.4,9.1,0.8,1.8,4,3.8,0,4,3.3,4.9,4.9,5.3,11.9,9.5,13.2,8.5,15.3,7,35.3,11.6,(X),(X),N,N,(X),(X),(X),(X),(X),(X),2645,256,14,5.2,11.2,5.3,2.2,1.6,2.8,2.4,2.9,2.3,18.3,6.6,14.1,4.5,14.3,5.3,5.5,3.4,14.7,6,70896,14273,104496,18493,(X),(X),(X),(X),16.4,(X)
1400000US08031001702,"Census Tract 17.02, Denver County, Colorado",2495,247,15.7,6.5,4.4,2.5,11.6,5.6,1.3,1.2,7.4,3.8,18.5,6.5,11.1,5.3,10.8,3.8,9.1,4,10.2,4.7,58242,11834,95366,18366,18.1,(X),(X),(X),(X),(X),396,122,4.8,7.2,0,7.3,0,7.3,5.1,8.1,10.4,11,8.3,10.4,8.8,9.8,10.6,9,16.4,12.7,35.6,21.5,166538,80747,229128,106208,(X),(X),14.1,(X),(X),(X),357,116,0,8.1,0,8.1,0,8.1,0,8.1,11.5,12.1,9.2,11.6,9.8,10.9,11.8,10.1,18.2,14.3,39.5,22.7,169148,55228,N,N,(X),(X),(X),(X),(X),(X),2099,239,17.7,7.5,5.2,2.9,13.8,6.6,1.6,1.4,5.9,3.6,20.4,7.7,11.5,5.8,10.8,4.4,7.7,4.4,5.4,4,53685,4147,69984,12182,(X),(X),(X),(X),18.8,(X)
1400000US08031001800,"Census Tract 18, Denver County, Colorado",1673,84,14,5,7.3,3.4,11.1,5.2,8.9,4,14.4,5.4,14.3,4.3,12.4,4.7,14.6,5.3,1.9,1.7,1,1.5,45428,5555,56112,6736,25.5,(X),(X),(X),(X),(X),505,104,6.5,8.6,0,5.8,15.4,12.7,20.4,10.5,13.1,10.7,16,9.5,8.7,6.3,11.9,7.6,4.6,4.7,3.4,4.6,45478,18348,64912,14467,(X),(X),21.4,(X),(X),(X),284,99,0,10,0,10,0,10,16.5,14.6,8.5,12.6,28.5,15.6,15.5,11.7,21.1,13.8,3.9,6.1,6,7.9,64868,38197,N,N,(X),(X),(X),(X),(X),(X),1168,123,17.3,5.7,10.4,4.6,11.2,5.5,3.9,2.4,12.9,5.3,15.2,5.1,12.4,5.6,15.8,7,0.7,1.2,0,2.5,45385,7571,51371,7209,(X),(X),(X),(X),27.3,(X)
1400000US08031001901,"Census Tract 19.01, Denver County, Colorado",974,102,39.9,10.5,5.4,4.7,7.6,5.3,11.2,6.3,14.1,6.5,8.3,3.8,6,3.8,5.9,3.7,1.6,1.7,0,3,18281,14135,33301,6005,42.4,(X),(X),(X),(X),(X),483,85,35.8,17.2,5,5.5,9.5,9.3,19.3,11.9,12.4,9.3,3.9,4.6,4.8,4.8,6,6.4,3.3,3.5,0,6,24583,15422,34010,9647,(X),(X),36.6,(X),(X),(X),202,72,7.9,12.7,8.9,12.5,15.3,18.6,20.3,15,11.9,13.6,5.9,9.6,11.4,11.5,14.4,15.7,4,6.7,0,13.8,(X),(X),N,N,(X),(X),(X),(X),(X),(X),491,95,44,12.9,5.9,6.6,5.7,4.5,7.7,5.9,12.4,8.4,14.1,7.3,4.5,5.5,5.7,4.2,0,5.9,0,5.9,15114,13570,31062,6374,(X),(X),(X),(X),43.6,(X)
1400000US08031001902,"Census Tract 19.02, Denver County, Colorado",59,26,6.8,10.6,0,37,0,37,0,37,18.6,22.4,5.1,9.3,39,31.6,16.9,18.4,0,37,13.6,15.6,82788,16975,95431,29001,42.4,(X),(X),(X),(X),(X),17,21,0,69.1,0,69.1,0,69.1,0,69.1,0,69.1,0,69.1,76.5,51.5,0,69.1,0,69.1,23.5,51.5,-,**,N,N,(X),(X),76.5,(X),(X),(X),17,21,0,69.1,0,69.1,0,69.1,0,69.1,0,69.1,0,69.1,76.5,51.5,0,69.1,0,69.1,23.5,51.5,-,**,N,N,(X),(X),(X),(X),(X),(X),42,21,9.5,12.1,0,44,0,44,0,44,26.2,28.5,7.1,12.5,23.8,29.1,23.8,23.5,0,44,9.5,14.5,78250,38164,83174,22885,(X),(X),(X),(X),28.6,(X)
1400000US08031002000,"Census Tract 20, Denver County, Colorado",1251,99,12,7.2,9.1,5.7,5.6,3.3,7.7,6,3.9,3.9,14.7,7.2,12.9,5.3,15,6.4,4,2.7,15.1,6,69638,12427,117931,27605,26.9,(X),(X),(X),(X),(X),354,82,0,8.1,0,8.1,3.4,5.6,3.4,5.3,0,8.1,2.3,3.7,31.9,13.8,20.6,14.4,8.5,7.4,29.9,13.5,121786,27771,171403,36892,(X),(X),18.1,(X),(X),(X),322,85,0,8.9,0,8.9,0,8.9,3.7,5.8,0,8.9,2.5,4,31.4,16.5,22.7,15.9,6.8,6.9,32.9,14.9,(X),(X),N,N,(X),(X),(X),(X),(X),(X),897,112,16.7,9.4,12.7,8.1,6.5,4.1,9.4,8.4,5.5,5.5,19.6,10.1,5.4,3.8,12.8,6,2.2,2.4,9.3,5.8,48375,19488,96829,34607,(X),(X),(X),(X),30.3,(X)
1400000US08031002100,"Census Tract 21, Denver County, Colorado",2624,132,9.9,4.8,14.1,5.5,8.4,3.8,5.4,3.4,12.9,5.1,13.1,5.2,9.6,4.7,19.5,4.8,2.7,1.9,4.4,2.6,49318,6875,72913,12270,25.4,(X),(X),(X),(X),(X),957,170,1.7,3.2,10.4,8.9,4.9,4.8,9.2,7.1,11.3,7.1,9.6,7.4,15,10.7,25,9.5,2.8,3.3,10,6.4,81127,19368,102883,26475,(X),(X),30.2,(X),(X),(X),706,169,0,4.2,5.9,5.8,4,4.7,6.5,6.2,5.1,4.8,9.5,9.3,20.4,13.6,33.9,13.3,3.8,4.3,10.9,7.4,(X),(X),N,N,(X),(X),(X),(X),(X),(X),1667,206,14.6,7.4,16.2,7.1,11.5,6,5.8,4.9,10.1,6.1,15.7,6.8,6.5,4.2,15.7,5.7,2.6,2.4,1.2,1.8,40394,17682,54502,9441,(X),(X),(X),(X),22.6,(X)
1400000US08031002300,"Census Tract 23, Denver County, Colorado",2162,70,4.9,3,6,4.4,9.6,5.2,9.9,5.2,15.4,7,15.6,6.6,11.7,4.4,18.1,5.6,6.2,3.7,2.4,1.6,58861,14779,72121,9334,33.3,(X),(X),(X),(X),(X),1183,166,5.3,3.8,5.3,7,7.4,6,14.2,8.5,10.1,7.8,12.7,7.3,18.2,8.8,17.2,8,6.7,5.5,3,2.2,61314,16965,75163,11872,(X),(X),37.4,(X),(X),(X),700,166,2,3.4,1,1.7,1.7,2.7,13.3,10.2,16.3,12.7,12,7.3,14.4,9.3,24.7,10.2,9.6,9,5,4,(X),(X),N,N,(X),(X),(X),(X),(X),(X),979,152,4.5,5.1,6.8,5,12.3,8.4,5.4,4.4,26.5,12.5,15.1,10.7,8.7,5,13.4,7.3,5.6,4.8,1.7,2.6,42938,18221,64839,13507,(X),(X),(X),(X),27.2,(X)
1400000US08031002402,"Census Tract 24.02, Denver County, Colorado",890,40,20,6.6,7.4,4.7,6.6,4,4.9,2.8,9.8,5.1,10.4,4.8,13.8,5.6,11.7,5,7.3,3.7,8,2.8,55294,14302,81780,14103,27.1,(X),(X),(X),(X),(X),403,64,15.9,10.6,5,5.1,6.9,4.6,5,4,11.4,9.8,6.2,6.6,10.4,5.8,19.9,9.7,10.2,5.9,9.2,5.4,59850,51616,103470,26927,(X),(X),33.3,(X),(X),(X),246,60,0,11.5,2.4,3.5,0,11.5,2.4,4.1,11,12.2,10.2,10.8,15,9.4,30.1,14.1,16.7,9.4,12.2,8.1,133000,47159,N,N,(X),(X),(X),(X),(X),(X),487,62,24.2,10.2,9.4,8.2,6.4,6.2,4.9,4.4,7.6,4.8,14,6.4,16.6,10,4.9,4,4.9,5.6,7,4.2,45536,21517,63521,12902,(X),(X),(X),(X),22,(X)
1400000US08031002403,"Census Tract 24.03, Denver County, Colorado",1989,130,17.8,6,10.4,4.3,10.9,6.3,8.1,3.8,6.5,3.2,12.5,5.4,14.9,5.6,10.7,3.9,1.8,1.4,6.3,2.7,43750,11631,66814,10988,27.4,(X),(X),(X),(X),(X),465,117,10.8,10,9.5,7.3,3.9,5.3,13.5,11.3,5.6,6.4,8.2,5.3,8.2,7.5,14.2,9.4,7.5,6,18.7,9.8,70875,40073,119638,42574,(X),(X),20,(X),(X),(X),278,82,0,10.2,6.5,10.7,0,10.2,0,10.2,0,10.2,13.7,9.4,13.7,12.2,22.3,13.4,12.6,9.8,31.3,14.2,(X),(X),N,N,(X),(X),(X),(X),(X),(X),1524,171,19.9,7.3,10.7,5.2,13.6,8.1,6.5,3.9,6.3,3.7,13.8,6.7,16.9,7.5,9.6,4.2,0,1.9,2.6,2.1,32885,21150,50604,7219,(X),(X),(X),(X),29.6,(X)
1400000US08031002601,"Census Tract 26.01, Denver County, Colorado",2163,143,23.9,6.4,6.9,4.3,9.5,5.1,5.4,4.1,7.6,3.4,14.8,5.7,14.6,5.7,10.9,5.4,3.7,2.3,2.7,1.9,41826,12766,57811,6800,15.3,(X),(X),(X),(X),(X),253,118,0,11.2,21.3,20.2,10.3,12.2,10.3,14.5,0,11.2,5.5,8.5,14.2,13.9,19,16.1,8.7,9.9,10.7,12.1,81354,57581,87915,33620,(X),(X),9.1,(X),(X),(X),162,68,0,16.8,9.9,15.4,16,16.7,0,16.8,0,16.8,8.6,12.2,14.2,16.1,21,19.8,13.6,15.7,16.7,17.3,(X),(X),N,N,(X),(X),(X),(X),(X),(X),1910,183,27,7,5,3.7,10.2,5.7,4.8,3.9,8.6,3.8,16.1,6.2,14.7,6.3,9.8,5.5,2.3,1.8,1.6,1.7,40691,10585,52727,6965,(X),(X),(X),(X),15.4,(X)
1400000US08031002602,"Census Tract 26.02, Denver County, Colorado",1780,42,12,4.2,0.6,0.6,8.9,3.7,4.9,2.5,13.6,4.9,15.5,4.5,11.3,4.3,19.9,5,9.3,5.1,3.9,2,63672,13509,77228,8481,18.5,(X),(X),(X),(X),(X),367,111,2.2,3,0,7.8,11.4,11.2,1.9,3.4,13.1,13.5,6,5.3,9.3,8.2,32.2,12.3,15.3,10.8,8.7,6.9,106607,25433,105066,20184,(X),(X),9.3,(X),(X),(X),298,91,2.7,3.9,0,9.6,2.7,3.9,0,9.6,16.1,16,2.3,3.8,11.4,10.4,35.2,14.7,18.8,13.2,10.7,8.4,(X),(X),N,N,(X),(X),(X),(X),(X),(X),1413,113,14.6,5.2,0.8,0.7,8.2,4.3,5.7,3,13.7,5.8,18,5.7,11.8,4.9,16.8,5.6,7.8,5.5,2.6,2,56303,9934,69998,9769,(X),(X),(X),(X),20.9,(X)
1400000US08031002701,"Census Tract 27.01, Denver County, Colorado",3521,156,13.7,4.8,5.5,3.2,9.2,4,19.7,5,21.4,5.1,14.9,4.9,4.9,2.8,7.2,3,2.9,2.1,0.7,1,36602,5097,46156,5281,17.9,(X),(X),(X),(X),(X),327,130,3.4,5.6,0,8.8,4.6,6.9,8.6,9.2,14.1,15.3,8.9,13.5,19,18.2,12.5,11.8,21.7,16.8,7.3,10.1,96005,23051,104304,28920,(X),(X),24.8,(X),(X),(X),234,117,4.7,8.1,0,12,6.4,9.8,6.4,10.4,8.5,13.4,0,12,26.5,23.7,17.5,16.8,19.7,21.1,10.3,14.1,(X),(X),N,N,(X),(X),(X),(X),(X),(X),3194,209,14.7,5.2,6,3.5,9.6,4.3,20.8,5.6,22.2,5.5,15.5,5.3,3.5,2.4,6.6,3,1,1.1,0,0.9,33700,5042,40203,3848,(X),(X),(X),(X),17.2,(X)
1400000US08031002702,"Census Tract 27.02, Denver County, Colorado",3781,166,7.4,2.9,4.4,2.2,10.9,3.5,10.5,3.3,14.8,4.2,19.6,4.6,14.7,4.2,9,2.9,4.8,2.6,3.9,2.6,51552,5712,71254,12071,16.3,(X),(X),(X),(X),(X),565,143,0,5.2,0,5.2,1.6,2.5,0,5.2,1.9,3.1,24.8,12.9,22.8,12.4,27.8,12.7,16.8,12.9,4.2,6,99476,17016,110197,16506,(X),(X),10.3,(X),(X),(X),536,141,0,5.4,0,5.4,0,5.4,0,5.4,0,5.4,24.4,13.4,24.1,13,29.3,13.1,17.7,13.4,4.5,6.4,102000,20379,N,N,(X),(X),(X),(X),(X),(X),3216,190,8.7,3.4,5.2,2.6,12.6,4,12.3,3.9,17,5.1,18.7,5.1,13.3,4.4,5.7,2.9,2.7,1.9,3.8,2.8,45786,5915,64413,13609,(X),(X),(X),(X),17.4,(X)
1400000US08031002703,"Census Tract 27.03, Denver County, Colorado",3415,191,14.2,4.3,5.2,2.5,12.9,4.3,11.9,3.7,13.2,4.5,22.6,6.1,13.7,3.9,4,2,1,1,1.4,1.9,40294,4603,51119,7922,19.2,(X),(X),(X),(X),(X),541,158,9.6,16,3,4.7,5.4,6.2,3,4.9,6.1,7.2,30.9,20.7,22.4,13,7.9,7.5,3.1,5.3,8.7,12.3,66977,19737,96463,50031,(X),(X),30.7,(X),(X),(X),371,134,0,7.8,4.3,7,7.8,9.1,4.3,6.9,4.6,8.2,22.1,19.2,32.6,18.8,11.6,10.7,0,7.8,12.7,17.3,(X),(X),N,N,(X),(X),(X),(X),(X),(X),2874,246,15.1,4.2,5.6,2.8,14.3,4.8,13.5,4.3,15.1,5.1,21.5,5.8,11,4.8,3.3,2,0.6,0.7,0,1,37340,6518,42126,4238,(X),(X),(X),(X),17,(X)
1400000US08031002801,"Census Tract 28.01, Denver County, Colorado",1594,100,6.3,3.2,4.6,3.3,6.4,3.3,7.8,3.9,12.2,5.2,22,6.9,9.3,4.9,13.7,5.1,7.7,3.3,9.8,5.4,64409,7307,104805,28645,19.4,(X),(X),(X),(X),(X),452,106,3.8,3.8,0,6.4,2.4,3.6,4.6,4.5,1.8,3.1,11.1,9,6.6,6.8,18.8,8.8,19,9.3,31.9,14.3,153500,28568,210739,71047,(X),(X),15.7,(X),(X),(X),371,103,0,7.8,0,7.8,0,7.8,5.7,5.5,0,7.8,3.5,5.1,8.1,8.3,20.8,10.2,23.2,10.8,38.8,16.3,(X),(X),N,N,(X),(X),(X),(X),(X),(X),1142,143,7.4,4.2,6.4,4.7,8,4.1,9.1,5.3,17,7,26.4,8.4,9.7,6.1,11.7,6.3,3.2,3.2,1.1,1.8,51736,13439,62607,10875,(X),(X),(X),(X),20.8,(X)
1400000US08031002802,"Census Tract 28.02, Denver County, Colorado",2765,127,9,4.9,7.6,3.8,8.9,3.9,14.3,4.7,17,5.6,13.7,4.6,7.7,3.7,12.1,4.6,6.1,4,3.6,2.9,45840,7199,64017,8720,25.5,(X),(X),(X),(X),(X),415,96,1.4,3.2,0,7,3.9,5.7,19,13.9,3.6,5.6,11.3,9.5,13.7,9.4,18.6,13.7,25.5,16.1,2.9,4.4,89750,37424,107479,27100,(X),(X),16.9,(X),(X),(X),345,91,0,8.3,0,8.3,4.6,6.9,19.1,15.2,4.3,6.6,9,9.2,16.5,11.3,19.7,15.7,26.7,19,0,8.3,(X),(X),N,N,(X),(X),(X),(X),(X),(X),2350,137,10.3,5.6,8.9,4.5,9.8,4.5,13.5,5,19.3,6.4,14.1,5.1,6.7,3.9,11,5.2,2.7,3.1,3.7,3.3,41250,7184,56341,9037,(X),(X),(X),(X),27.1,(X)
1400000US08031002803,"Census Tract 28.03, Denver County, Colorado",3068,167,4.9,2.4,3.9,2.5,7.2,2.5,13.8,5.3,15.9,4.2,23.4,5.3,8.3,3.2,14.9,4.9,2,1.5,5.8,3.7,52500,2984,69272,8210,21,(X),(X),(X),(X),(X),423,125,0,6.8,5.9,8.9,12.8,10.5,7.3,10.4,8,8.9,12.5,12.5,6.1,6.9,34.8,15.7,2.6,4.3,9.9,11.2,90446,37013,94147,24270,(X),(X),22.2,(X),(X),(X),253,107,0,11.2,0,11.2,0,11.2,12.3,16.5,4.3,7.7,20.9,19.1,5.5,8.5,36,21.1,4.3,7.3,16.6,18,(X),(X),N,N,(X),(X),(X),(X),(X),(X),2645,178,5.6,2.8,3.6,2.5,6.4,3,14.8,5.8,17.1,4.8,25.1,5.8,8.7,3.6,12.1,5,1.9,1.6,4.7,3.6,51350,4561,65020,8200,(X),(X),(X),(X),20.8,(X)
1400000US08031002901,"Census Tract 29.01, Denver County, Colorado",1543,64,8.4,4.4,1.3,1.3,8.2,3.9,3.3,2.3,22.9,6.1,12.7,4.5,12.8,4.7,14.8,4.1,6.9,3.3,8.6,3.6,65234,14489,91578,12157,23.3,(X),(X),(X),(X),(X),588,100,3.4,5.3,0,5,10.4,7.7,4.4,4.3,13.8,8.8,12.2,6.2,14.3,8.1,14.5,6,14.1,7.8,12.9,6.2,90938,20049,118839,24523,(X),(X),24.8,(X),(X),(X),488,93,0,6,0,6,9.4,8,3.1,3.6,12.1,9.2,12.7,6.3,12.7,9.2,17.4,7.3,17,9.1,15.6,7.4,102500,39505,N,N,(X),(X),(X),(X),(X),(X),955,103,11.4,6.2,2.1,2.1,7.5,4.5,2.6,2.5,27.9,8.5,14.8,6,12.1,5.3,14.1,5.6,2.5,2.2,4.9,4.2,47486,10490,69962,10562,(X),(X),(X),(X),22.3,(X)
1400000US08031002902,"Census Tract 29.02, Denver County, Colorado",1975,76,1.7,1.2,2.4,2.1,2.2,1.6,4.5,3,6.8,2.4,13.6,4.1,17.1,5.1,21,5.7,14.1,4.9,16.7,3.7,101835,8004,130142,10689,25.5,(X),(X),(X),(X),(X),843,104,2.6,3.1,0,3.5,2.5,2.2,1.5,1.6,9.6,4.7,12,5.8,13.3,6.1,17.7,7.5,13.6,5.3,27.2,7.7,121023,25550,159530,22021,(X),(X),18.5,(X),(X),(X),688,99,0,4.3,0,4.3,2,2.3,1.9,1.9,8.6,5,12.9,6.9,10.6,5.2,15.1,7.1,15.6,6.5,33.3,9,(X),(X),N,N,(X),(X),(X),(X),(X),(X),1132,121,2.9,2.2,4.2,3.7,1.9,2.3,6.6,5.1,4.7,2.8,13.5,5.6,20.9,8.1,23.6,8.1,14,7.5,7.5,3.7,93333,16119,104630,10424,(X),(X),(X),(X),30.7,(X)
1400000US08031003001,"Census Tract 30.01, Denver County, Colorado",2777,138,3.8,2.3,2.6,3,6.3,3.8,5.8,4.3,6.4,2.6,13.3,4,12.8,5.3,20.8,6.3,14.9,4.8,13.2,4.9,98561,26181,112456,11959,22,(X),(X),(X),(X),(X),1394,180,2.1,2.7,0.7,1.2,3.3,3.1,6,4.2,3.5,4.1,12.1,6.7,9.2,5,18.2,8.5,24.5,8.3,20.3,8.3,127768,31352,137497,16670,(X),(X),26.4,(X),(X),(X),1039,188,1.3,2.3,0,2.8,3,3.5,3.8,3.3,1.3,1.9,10,5.7,9.7,5.8,13.9,8.7,32.9,10.5,24.2,10,(X),(X),N,N,(X),(X),(X),(X),(X),(X),1383,230,6.6,4.3,4.6,5.9,10.5,7.4,6.7,7.4,10.8,5.1,15.2,7.2,12.1,8.3,23.6,9.5,5.3,4.5,4.7,3.8,66348,15461,82003,14946,(X),(X),(X),(X),15.5,(X)
1400000US08031003002,"Census Tract 30.02, Denver County, Colorado",1245,85,7.7,4.9,2.7,2.1,8.2,5.2,11.5,5.3,9.4,4.5,15.2,6,21.8,7.3,12.7,5.6,5.6,3.3,5.1,3,64725,9983,79117,11486,26.4,(X),(X),(X),(X),(X),503,77,1,1.9,0,5.8,0,5.8,4.4,3.9,8.2,7,21.5,12.1,23.7,10.5,18.9,10.2,11.5,7.4,10.9,6.7,90282,16431,117677,23630,(X),(X),16.9,(X),(X),(X),363,84,0,7.9,0,7.9,0,7.9,2.2,3.4,2.2,3.7,10.7,7.6,27.5,14.6,26.2,12.7,16,9.5,15.2,9.1,113317,20121,N,N,(X),(X),(X),(X),(X),(X),742,102,12.3,8,4.6,3.6,13.7,8.3,16.3,8.5,11.5,6.4,18.2,8.4,15.8,8,4.9,3.9,1.6,1.9,1.2,1.9,37300,12343,48750,8472,(X),(X),(X),(X),32.9,(X)
1400000US08031003003,"Census Tract 30.03, Denver County, Colorado",1081,72,17.5,7,10.1,5.6,6.3,3.7,10.5,6.2,8.3,4.9,13.5,4.6,8.4,4,16.7,7,6,3.2,2.6,2.5,45179,12852,61674,9311,23.9,(X),(X),(X),(X),(X),414,84,1.7,3.3,2.2,3.5,2.9,3.7,7.2,9,12.3,7.1,18.6,9.6,14,8.3,23.4,12.2,10.9,6.6,6.8,6.7,88529,26756,95949,17083,(X),(X),20.3,(X),(X),(X),302,70,2.3,4.5,3,4.7,1.3,2.4,0,9.4,8.9,8.2,16.6,10.3,11.6,8.3,32.1,15.8,14.9,9.4,9.3,8.6,108704,22319,N,N,(X),(X),(X),(X),(X),(X),667,94,27.3,10.2,15,8.6,8.4,5.7,13.5,9,5.8,6.8,10.8,6.7,4.9,3.6,11.2,8.2,3,3.2,0,4.4,24135,16399,38635,9232,(X),(X),(X),(X),23.4,(X)
1400000US08031003004,"Census Tract 30.04, Denver County, Colorado",2528,109,16.3,5.6,8.1,4,6,3.2,10.4,3.8,10.9,5.3,14.8,4.6,8.3,3.3,13.2,4.1,8.1,4.5,3.9,3,48636,10790,68584,10067,25.5,(X),(X),(X),(X),(X),947,171,3.4,5.2,1.3,2,3,3.8,3.5,3.6,21.1,12.2,16.7,8.1,9.6,6.3,24.3,10,11.9,8.1,5.3,5,81382,38525,95551,17326,(X),(X),20.8,(X),(X),(X),791,156,0,3.7,0,3.7,1.3,2.1,2.5,3.2,25.3,14.4,13.8,8.5,7.5,6.2,29.1,11.3,14.3,9.5,6.3,5.8,(X),(X),N,N,(X),(X),(X),(X),(X),(X),1581,186,24,7.9,12.2,6.3,9,5,14.5,6.1,4.7,3.6,15.1,6.1,7,4.2,5.4,3,5.8,5.1,2.3,3.8,27768,10283,48338,12733,(X),(X),(X),(X),28.3,(X)
1400000US08031003101,"Census Tract 31.01, Denver County, Colorado",742,64,5.9,3.7,7.4,4.2,11.7,6.9,7.4,4.1,10.1,5,19.3,6.3,15.2,5.6,6.5,3.4,10.9,5.2,5.5,3.5,55139,9313,76378,10270,28.2,(X),(X),(X),(X),(X),289,48,0,9.9,0,9.9,11.4,8.5,9.3,7.6,8.7,6,20.1,9.5,15.2,8.3,5.9,6.3,17.3,9.8,12.1,8,75341,18278,108095,21709,(X),(X),16.6,(X),(X),(X),186,50,0,14.9,0,14.9,7,8.6,4.8,6.2,10.2,8.3,17.2,9.7,13.4,9.7,9.1,9.5,19.4,10.9,18.8,11.5,(X),(X),N,N,(X),(X),(X),(X),(X),(X),453,73,9.7,5.9,12.1,6.8,11.9,10,7.5,5,11,7.2,18.8,7.3,16.1,8.2,4.6,3.8,6.8,4.3,1.3,2.2,47083,15670,54481,6823,(X),(X),(X),(X),31.1,(X)
1400000US08031003102,"Census Tract 31.02, Denver County, Colorado",1794,107,29.7,5.4,10.2,4.1,5.4,2.6,7.4,3.3,6.7,2.9,15.7,3.5,6.5,3.4,11.9,3.8,3.5,1.6,3,2,29900,9229,51941,6066,21.8,(X),(X),(X),(X),(X),329,72,18.5,13.2,7.6,8.1,0,8.7,2.7,4.3,0,8.7,5.2,5.7,17.3,14.2,21.3,10.3,17.3,10.6,10,8.5,92031,60172,104881,23865,(X),(X),28.3,(X),(X),(X),242,73,3.3,4.7,4.1,6.4,0,11.6,0,11.6,0,11.6,2.9,4.8,23.6,18.2,28.9,13.6,23.6,14.8,13.6,10.9,(X),(X),N,N,(X),(X),(X),(X),(X),(X),1465,102,32.2,5.8,10.8,4.6,6.6,3.2,8.5,3.9,8.3,3.6,18.8,3.9,4,2.8,9.1,3.9,1.1,1.4,0.7,1.1,25439,8995,39614,5821,(X),(X),(X),(X),20.3,(X)
1400000US08031003201,"Census Tract 32.01, Denver County, Colorado",3254,175,4.9,2.5,5.3,2.9,7.1,3.2,8.6,3.5,16.8,5.3,21.3,5.8,17,4,9.5,4.1,5.7,2.7,3.7,2.2,58529,5742,69562,6232,18.9,(X),(X),(X),(X),(X),847,177,2.6,3.9,3.8,5.8,0,3.5,3.4,3.7,9.4,9.7,14,8.7,21.4,9.6,21.7,11.3,11.3,7.8,12.3,7.5,95350,22365,106641,16661,(X),(X),21,(X),(X),(X),686,175,0,4.3,0,4.3,0,4.3,4.2,4.5,9.5,11.6,11.5,9,21.9,10.2,26.8,13.3,14,9.6,12.1,8.7,(X),(X),N,N,(X),(X),(X),(X),(X),(X),2407,208,5.7,3.2,5.9,3.4,9.6,4.2,10.5,4.3,19.4,6,23.8,6.9,15.5,4.8,5.2,2.7,3.7,2.8,0.7,1,48406,9723,56514,6202,(X),(X),(X),(X),18.2,(X)
1400000US08031003202,"Census Tract 32.02, Denver County, Colorado",1972,120,7.3,4,6.6,3,10.8,4.4,10,3.2,12.5,4.1,22.8,5.6,11.1,3.7,9.9,3.1,3.4,2.2,5.6,2.7,51818,3936,67426,7229,25.4,(X),(X),(X),(X),(X),473,105,9.1,13.4,2.7,4.3,2.7,4.1,1.5,2.5,16.3,8.9,17.8,9.3,11.4,8,14.6,8.3,8.7,7.4,15.2,8.7,74904,16810,102265,24357,(X),(X),31.5,(X),(X),(X),403,97,10.7,15.4,3.2,5,0,7.2,0,7.2,14.4,9.4,15.1,8.7,13.4,9.4,15.1,9.3,10.2,8.4,17.9,10,80078,26296,N,N,(X),(X),(X),(X),(X),(X),1499,145,6.7,3.4,7.8,4,13.3,5.6,12.7,4,11.8,4.6,23.9,6.3,10.9,4.6,8.5,3.3,1.7,1.6,2.6,2.2,44145,12012,56231,6146,(X),(X),(X),(X),23.5,(X)
1400000US08031003203,"Census Tract 32.03, Denver County, Colorado",1362,56,0,2.2,1.7,1.9,4.3,3.5,4.3,3,4.8,2.9,9.8,4,9.5,4.6,16.9,6.1,7.9,3.3,40.7,5.9,134167,42318,216630,24444,27.1,(X),(X),(X),(X),(X),827,97,0,3.6,0,3.6,0,3.6,1.6,2.3,3,2.7,5.1,3.8,8.2,6.5,15.5,8.7,9.2,4.2,57.4,9.5,216875,45456,272304,37355,(X),(X),28.2,(X),(X),(X),766,97,0,3.8,0,3.8,0,3.8,1.7,2.5,2.3,2.6,4.3,3.6,7.4,6.7,16.7,9.2,8.2,4,59.3,9.9,(X),(X),N,N,(X),(X),(X),(X),(X),(X),535,94,0,5.4,4.3,4.8,11,8.7,8.4,6.9,7.7,6.1,17,7.4,11.6,7.1,19.1,9.5,6,5.2,15,7.2,77361,32244,128870,37647,(X),(X),(X),(X),23.2,(X)
1400000US08031003300,"Census Tract 33, Denver County, Colorado",1534,49,0.8,1.2,1.8,1.7,5.8,2.4,5,2.6,6.1,3.4,12,4.2,9.5,3.9,28.3,6.9,15.1,4.7,15.8,5,116698,4738,134640,14076,23.9,(X),(X),(X),(X),(X),888,92,2.7,2.7,0,3.3,2.1,2.1,1.1,1.8,2.7,2.3,12.8,6.1,9.8,5,28.7,8.7,20.8,7.1,19.1,7.1,127143,12978,145502,15103,(X),(X),28.5,(X),(X),(X),721,81,1.7,2.6,0,4.1,2.6,2.6,0,4.1,3.3,2.8,8.6,5.5,9.3,5.1,27.3,8.3,23.6,8.2,23.6,8.7,143375,26794,N,N,(X),(X),(X),(X),(X),(X),646,90,0,4.5,4.2,4,10.8,5.3,9.3,5.4,10.8,7.1,10.8,5.4,10.7,6.2,27.7,10.3,5.4,4.1,10.2,6.4,81563,19436,108096,24498,(X),(X),(X),(X),15,(X)
1400000US08031003401,"Census Tract 34.01, Denver County, Colorado",1231,106,3,2.4,1.5,1.6,5.3,3.2,7.2,4.5,9.4,3.8,21.5,6.9,10.6,4.1,12.1,4.6,13.1,5.9,16.3,3.9,81435,15636,127833,16866,21.9,(X),(X),(X),(X),(X),511,83,1.6,2.7,0,5.7,3.3,3.4,3.3,3.5,4.5,3.3,12.5,6.9,7.8,5.6,21.3,10.2,12.5,6.7,33.1,7.4,135446,23218,192463,29218,(X),(X),19.6,(X),(X),(X),448,80,0,6.5,0,6.5,1.6,2.6,0,6.5,5.1,3.7,10,6.7,8.9,6.4,24.3,11.2,12.3,7.3,37.7,8.5,(X),(X),N,N,(X),(X),(X),(X),(X),(X),720,112,4,3.4,2.5,2.7,6.7,4.8,10,7.3,12.9,6.4,27.9,10.1,12.5,5.9,5.6,4.1,13.5,9.3,4.4,3.8,62647,9698,81871,15356,(X),(X),(X),(X),23.5,(X)
1400000US08031003402,"Census Tract 34.02, Denver County, Colorado",2043,79,4.4,2.8,2.1,2.3,3.5,2.1,3.1,1.8,4.8,3,8.5,3.2,11.9,4.2,19.9,4.6,12.2,3.4,29.6,6,125382,16403,169689,22486,27.8,(X),(X),(X),(X),(X),1375,121,0.6,0.9,2.8,3.4,1.3,1.4,0,2.2,5.3,4.3,6.5,3.8,10.3,4.2,21,5.4,16.4,4.9,35.7,7.6,152169,10202,203717,31576,(X),(X),27.1,(X),(X),(X),1153,101,0.7,1.1,0.6,1,1.6,1.6,0,2.6,5.6,5,5.6,2.9,8.4,3.8,19.9,5.9,17.5,5.2,40.2,8.2,(X),(X),N,N,(X),(X),(X),(X),(X),(X),668,120,12.3,8.5,0.4,0.9,7.9,5.1,9.4,5.6,3.9,3.5,12.6,6.5,16.8,9.4,17.7,7.6,1.9,2.2,17.1,9,78788,26575,98392,19456,(X),(X),(X),(X),27.2,(X)
1400000US08031003500,"Census Tract 35, Denver County, Colorado",1736,90,6.5,3.2,6.6,3.3,15.7,5.4,15.9,5.4,20.2,5.7,17.3,5,10.9,4.1,5.4,3.2,0.6,0.9,1,1.1,39433,3710,46844,4567,53.6,(X),(X),(X),(X),(X),1377,97,7.1,4.2,6.3,4.1,17.1,6.7,12.7,5.3,20,7.1,17.4,4.5,14.4,5.3,3.8,2.5,0,2.2,1.2,1.3,39888,4419,47152,5210,(X),(X),56.5,(X),(X),(X),837,150,2.2,2.3,5.4,5,12.9,6.8,11.9,7.1,19.1,8.2,23.5,6.4,19.2,7.2,3.7,2.7,0,3.5,2,2.2,(X),(X),N,N,(X),(X),(X),(X),(X),(X),359,94,15.3,10.7,11.7,7.6,9.7,7,17.8,11.8,20.3,11,18.1,12.1,1.9,3.2,1.9,3.6,3.1,4.5,0,8,31518,8947,38195,8746,(X),(X),(X),(X),32.9,(X)
1400000US08031003601,"Census Tract 36.01, Denver County, Colorado",1678,71,9.5,4,5.4,2.8,12.8,5.2,19.5,6.1,11.6,4.2,17.7,4.4,12.2,3.4,4.9,3,2.3,2,4,2.3,38286,3720,61195,10708,36.4,(X),(X),(X),(X),(X),1008,114,12.1,6.2,4.2,3.5,9.8,5.5,19.2,7.4,11.2,6.7,17.8,6.9,13.2,5,3.9,2.7,3.1,3.2,5.6,3.3,38969,7876,70385,18140,(X),(X),32.6,(X),(X),(X),513,105,3.5,4.6,0,5.7,7.6,6.5,11.3,8.1,19.5,11.7,17,8.4,16.6,7.5,7.6,5.3,6,6.3,10.9,7,(X),(X),N,N,(X),(X),(X),(X),(X),(X),670,116,10.3,6.7,8.2,5,14.2,8.2,22.1,10.7,10,6.2,16.4,6.6,9.4,5.6,6.6,5.8,1.2,1.8,1.6,2.5,30758,8344,44642,7240,(X),(X),(X),(X),40.6,(X)
1400000US08031003602,"Census Tract 36.02, Denver County, Colorado",1518,92,12.1,6.5,5.4,2.7,9.1,5.1,19.1,5.6,12.3,5.4,17.9,6.4,11.9,4.8,7.4,4.5,1.2,1.7,3.8,3.1,39130,9783,67240,25612,35.4,(X),(X),(X),(X),(X),869,117,13.3,10.5,3.8,3,7.6,5.1,24.2,8.3,13.5,8.7,10.4,5.7,15,7.9,6.9,4.6,0,3.4,5.4,5.1,35819,9952,78839,43485,(X),(X),36.6,(X),(X),(X),512,108,5.7,8.7,1,1.6,2.3,3,32.2,12.2,19.5,13.8,8,5.4,12.3,9.6,9.8,6.9,0,5.7,9.2,8.4,(X),(X),N,N,(X),(X),(X),(X),(X),(X),649,95,10.3,8.9,7.6,5.3,12.5,10.4,14.5,8.3,15.6,8.9,24.5,11.4,6.2,4.4,6.2,6.1,2.8,4,0,4.5,39191,11209,46161,9396,(X),(X),(X),(X),32.4,(X)
1400000US08031003603,"Census Tract 36.03, Denver County, Colorado",1412,90,7.4,4.6,7.5,4.2,9.5,5.1,9.6,3.8,9,4.8,12.1,4.6,13.5,5.1,19.6,5.5,5.7,3.7,6.2,4.6,63793,13173,77782,11242,32.9,(X),(X),(X),(X),(X),662,123,0,4.4,2.1,3.2,8.8,8.8,6.2,5.7,13,8.9,8.6,5.5,20.4,8.3,24.2,9.6,8.6,5.2,8.2,8.2,87031,16321,95740,17643,(X),(X),34,(X),(X),(X),382,116,0,7.5,0,7.5,1.8,3.3,7.9,8.9,6.5,6.1,8.1,6.5,26.2,11.6,28.5,11.1,6.8,6.7,14.1,13.1,(X),(X),N,N,(X),(X),(X),(X),(X),(X),750,133,13.9,8.1,12.3,7.4,10.1,5.2,12.5,5.7,6.9,4.9,14,7,10.3,6.2,12.4,6,3.2,4.7,4.4,5,40000,22107,59756,14296,(X),(X),(X),(X),31.9,(X)
1400000US08031003701,"Census Tract 37.01, Denver County, Colorado",1672,95,7.5,4.6,10.5,5.1,9.9,5.4,8.5,3.7,8.9,3.6,14.4,5.4,11.4,4.7,17.5,6.4,6.4,3.6,5,3,58487,15712,76032,9558,29.1,(X),(X),(X),(X),(X),528,100,0,5.5,2.3,3.5,9.1,11.1,5.7,5.4,1.1,1.7,8.5,6.5,17.4,10.3,29.2,14.4,13.3,7.5,13.4,9.4,111667,25802,122300,20354,(X),(X),29.2,(X),(X),(X),426,102,0,6.8,0,6.8,2.1,3.2,7,6.7,1.4,2.1,8.2,6.9,15,8.1,36.2,15.1,15.5,9.2,14.6,11.5,(X),(X),N,N,(X),(X),(X),(X),(X),(X),1144,138,11,6.5,14.2,7.2,10.2,5.6,9.8,4.5,12.5,5,17.1,7,11.1,6,9.6,5.9,3.2,4.2,1.1,1.3,41042,11536,53889,9137,(X),(X),(X),(X),29.1,(X)
1400000US08031003702,"Census Tract 37.02, Denver County, Colorado",2794,76,10.4,3.9,8.8,5,6.4,4.5,14.7,5.2,20.2,6.4,13.5,4.8,7.7,4,11.8,3.6,3.6,2.8,2.9,2.1,41455,3284,60779,6899,20.2,(X),(X),(X),(X),(X),595,119,0,4.9,0,4.9,2.7,4.2,0,4.9,8.2,7.6,10.1,11.2,13.1,12.9,35.1,14,17,12.5,13.8,9.9,116442,22694,140335,25784,(X),(X),21.7,(X),(X),(X),535,132,0,5.4,0,5.4,0,5.4,0,5.4,9.2,8.5,11.2,12.2,14.6,14.4,35.7,16,18.9,13.4,10.5,9.7,(X),(X),N,N,(X),(X),(X),(X),(X),(X),2199,126,13.2,4.7,11.2,6.4,7.5,5.4,18.6,6.6,24.3,7.7,14.4,5.3,5.3,3.6,5.5,3.2,0,1.4,0,1.4,34735,5704,38963,4124,(X),(X),(X),(X),19.8,(X)
1400000US08031003703,"Census Tract 37.03, Denver County, Colorado",1583,107,5.6,2.7,6,3.9,9,3.8,7.2,3.4,15.9,5.4,15.4,5.1,11.5,4.5,10.7,4.7,7.6,2.9,11.2,3.4,57792,7699,97662,11333,25,(X),(X),(X),(X),(X),509,85,2.4,3.4,0,5.7,1.8,2.6,3.3,3.8,11.8,8.1,9.6,5.6,12.4,5.7,17.1,8.1,13.9,6.9,27.7,8.8,112135,21199,175860,33399,(X),(X),21,(X),(X),(X),393,69,0,7.3,0,7.3,0,7.3,2.3,3.2,7.4,5.9,8.9,6.2,10.4,6.2,18.8,9.6,16.3,8.2,35.9,11,167969,66565,N,N,(X),(X),(X),(X),(X),(X),1074,106,7.1,3.5,8.8,5.6,12.4,5.7,9,4.7,18,7.4,18,6.5,11.1,5.7,7.6,5.7,5.3,3.4,2.7,3,41828,10885,59830,10861,(X),(X),(X),(X),26.3,(X)
1400000US08031003800,"Census Tract 38, Denver County, Colorado",4032,202,9.6,3.4,3.9,2.4,6.9,2.6,3.6,2,10.1,4,10.8,3.6,6.7,2.8,12.9,4.1,13.4,4.7,22,4.9,89926,22362,153453,22421,27.3,(X),(X),(X),(X),(X),1452,260,0.8,1.2,1.2,2,3.3,2.9,3.7,3.3,5.4,3.7,4.6,3.5,3,2.6,10.5,6.7,20.9,8.3,46.6,10.4,182037,41144,252632,51198,(X),(X),24.9,(X),(X),(X),1121,209,0,2.6,0,2.6,2.5,2.8,3.8,4,3.2,3.1,4.6,3.6,2.7,2.9,11.1,7.6,18,7.6,54.1,10.8,(X),(X),N,N,(X),(X),(X),(X),(X),(X),2580,301,14.5,5.4,5.4,3.3,9,3.6,4,2.3,12.9,5.8,14.3,5.1,8.8,4,13.8,5.5,9.2,5.4,8.1,3.6,54808,6613,97323,22469,(X),(X),(X),(X),28.7,(X)
1400000US08031003901,"Census Tract 39.01, Denver County, Colorado",2264,156,2.4,2.2,0.8,1.3,4.7,4.2,0,1.3,4.3,3.4,10.4,4.5,12.4,5.2,20.7,6,11,4.7,33.3,6.8,131333,19815,185199,26453,33.3,(X),(X),(X),(X),(X),1335,189,0,2.2,0,2.2,3,2.8,0,2.2,2,2.3,9.3,6.5,13.8,6.7,16.3,7.7,12.4,5.9,43.2,10.1,166458,44109,216054,40488,(X),(X),35.4,(X),(X),(X),1267,193,0,2.3,0,2.3,2.1,2.3,0,2.3,0.9,1.5,9.8,6.8,14.5,7.1,17.2,8,11.8,5.8,43.6,10.3,(X),(X),N,N,(X),(X),(X),(X),(X),(X),929,212,5.8,5.4,1.9,3.3,7.1,9.2,0,3.2,7.5,7.8,12.1,5.7,10.3,9.7,27,11.3,9.1,8.9,19.1,10.4,101516,6726,140540,32703,(X),(X),(X),(X),30.1,(X)
1400000US08031003902,"Census Tract 39.02, Denver County, Colorado",1855,66,2.2,2,1,1.1,3.9,2.5,2,1.8,12.8,4.5,9.4,3.7,23.8,6.4,18.1,4.4,7.2,3,19.5,5,94583,6824,146382,19249,32.6,(X),(X),(X),(X),(X),1232,96,2.6,2.8,1.9,2.6,2.6,2.3,1.5,1.9,9,4.1,7.9,3.7,24.9,8.1,17.9,5.6,7.7,3.5,24,7.2,99621,15468,165712,28336,(X),(X),30.3,(X),(X),(X),806,107,0,3.7,0,3.7,0,3.7,1.1,2,6.6,4,4.2,3.5,18.4,8.5,24.8,7,8.2,4.3,36.7,9.1,(X),(X),N,N,(X),(X),(X),(X),(X),(X),623,106,1.3,2.2,3,3.3,2.9,3.3,3,3.6,21.3,10.3,15.4,7.3,18.8,8.6,17.5,7.1,6.3,4.1,10.4,5.5,82202,26906,105987,23745,(X),(X),(X),(X),33.4,(X)
1400000US08031004002,"Census Tract 40.02, Denver County, Colorado",1385,42,3.2,2.5,0.6,1,6.9,3.4,5.6,3.3,9,5.4,15.1,4.6,9.6,4.4,15.7,4.7,14.7,5.9,19.4,4.7,99716,16496,136899,15660,27.2,(X),(X),(X),(X),(X),972,79,2.9,3.1,0.9,1.4,0,3,4.2,3.1,5.8,4.6,13.3,5.9,10.8,5.7,18.1,6.2,20.9,7.9,23.1,6.6,127656,30496,161644,20979,(X),(X),22,(X),(X),(X),795,87,1.1,1.9,1.1,1.7,0,3.7,2.5,2.5,2.9,3,7.8,5,9.3,5.9,22.1,7.2,24.8,9.4,28.3,7.8,160042,27098,N,N,(X),(X),(X),(X),(X),(X),413,80,4.1,4.8,0,7,23.2,11.3,9,6.3,16.7,12.8,21.5,10.2,6.8,6.3,7.7,7.1,1.7,2.7,9.2,6.8,47325,10703,76453,22392,(X),(X),(X),(X),37.3,(X)
1400000US08031004003,"Census Tract 40.03, Denver County, Colorado",1959,85,2.6,2.3,2.7,1.9,8.2,3.2,6.6,3,14.3,4.6,17.5,4.3,15,4.7,18.4,4.3,6.3,3.9,8.5,3.5,72228,11978,99655,14716,22.4,(X),(X),(X),(X),(X),1156,135,2.8,3.2,0.5,0.8,2.6,2.2,4.8,3.8,14.3,6.9,14,5.3,15.5,5.6,27.5,7.3,4.7,5.1,13.4,5.6,94659,13495,124524,23317,(X),(X),23.7,(X),(X),(X),878,129,0,3.4,0.7,1,1.4,1.6,5.6,4.8,10.4,6.5,11.3,4.9,15,6.5,31.9,8.5,6.2,6.6,17.7,7,110417,5983,N,N,(X),(X),(X),(X),(X),(X),803,136,2.4,2.5,5.7,4.3,16.2,6,9.3,4.9,14.4,6.8,24.8,8.1,11.8,5.8,5.2,3.5,8.6,6.1,1.5,1.9,50881,7719,63152,9754,(X),(X),(X),(X),20.4,(X)
1400000US08031004004,"Census Tract 40.04, Denver County, Colorado",859,39,2.4,2.2,1.3,1.4,4.1,2.3,9.2,3.6,12,4.4,20.4,6.1,13.4,5.2,12,4.4,11.4,4.1,13.9,4.1,76058,7515,112653,13973,20.3,(X),(X),(X),(X),(X),474,55,0,6.1,0,6.1,1.1,1.7,3,3.2,8.6,5.1,15.4,6.3,16,7.4,19.8,7.6,17.9,6.4,18.1,6.6,117917,20605,147940,24308,(X),(X),17.9,(X),(X),(X),386,50,0,7.5,0,7.5,1.3,2.1,1.6,2.8,8.3,6,11.1,6,16.8,9,18.9,8.7,19.7,7.3,22.3,7.6,120952,10845,N,N,(X),(X),(X),(X),(X),(X),385,60,5.5,4.6,2.9,3,7.8,4.7,16.9,7.5,18.7,7.7,26.5,11.2,7.8,4.7,2.1,3.2,5.7,4.7,6.2,4.9,49188,5761,66640,12081,(X),(X),(X),(X),22.9,(X)
1400000US08031004005,"Census Tract 40.05, Denver County, Colorado",1573,111,16.7,4.8,6,2.1,9.7,3.7,13.5,4.9,14.4,5.8,17.1,4.9,9.9,3.6,4.5,2.8,2.5,2,5.7,2.7,36613,3890,58965,9250,21.9,(X),(X),(X),(X),(X),405,90,3,3.6,0,7.1,13.8,11.9,9.6,6.1,17.5,12.8,6.2,5.2,23,11,6.2,7.4,4.4,4.9,16.3,8.6,67292,41940,97771,27021,(X),(X),23.7,(X),(X),(X),272,72,1.8,3.2,0,10.4,13.6,15.7,11,9.4,5.1,7.2,6.6,6,28.7,13.8,2.2,3.4,6.6,7.4,24.3,11.2,(X),(X),N,N,(X),(X),(X),(X),(X),(X),1168,116,21.4,6.2,8,2.9,9.2,3.4,14.9,6.2,14.1,6.4,19.9,6.3,6.6,3.2,1.8,1.6,2.8,2.5,1.1,1.8,32981,7396,43663,9026,(X),(X),(X),(X),21.2,(X)
1400000US08031004006,"Census Tract 40.06, Denver County, Colorado",2026,137,7.5,3.1,5.9,4.4,10.3,4.1,5.9,3,12.6,5.2,12.8,4.8,5.8,3,10,5.1,7.6,3.3,21.8,4.7,66923,14027,139006,20943,22.2,(X),(X),(X),(X),(X),899,112,0.6,0.9,1.8,2.7,4,5.9,4.2,3.7,6.3,4.4,6.3,4.7,4.2,2.5,16.4,7.5,13.3,6.5,42.8,8.7,179323,37244,243243,39511,(X),(X),18.1,(X),(X),(X),809,113,0.6,1,0,3.6,4.4,6.5,4.1,4.1,4.1,3.3,6.3,4.9,4.7,2.9,18.2,8.3,14.8,7.2,42.8,9.2,(X),(X),N,N,(X),(X),(X),(X),(X),(X),1127,173,13,5.8,9.1,7.5,15.3,7.2,7.2,4.6,17.6,9,18,7.7,7,5,5.9,6.7,2,2,5,4.8,37480,11817,55666,13538,(X),(X),(X),(X),24.5,(X)
1400000US08031004101,"Census Tract 41.01, Denver County, Colorado",1639,56,14,4.5,11.2,4.3,13.1,4.8,13.5,3.8,15.7,5.3,16.4,5.2,5.9,3.2,7.4,3.9,1.6,1.6,1.1,1.1,33288,5654,43735,4689,39,(X),(X),(X),(X),(X),927,101,9.5,4.9,11.1,4.8,12.5,6,12.4,4.9,20.8,8.3,14.1,6.5,7,5.1,9.2,5.6,1.4,2.3,1.9,2,39375,5165,48231,7370,(X),(X),44.9,(X),(X),(X),427,88,7.3,8.6,2.6,3.8,9.6,9.2,12.4,7.8,21.5,12.8,9.8,9.8,15.2,11,14.3,8.2,3,5,4.2,4.4,(X),(X),N,N,(X),(X),(X),(X),(X),(X),712,106,19.9,9.3,11.4,7.5,16.2,8.7,12.8,6,9,6.3,19.2,8.2,4.5,3.6,5.1,6.1,2,2.3,0,4.1,27368,8555,37115,6445,(X),(X),(X),(X),26.4,(X)
1400000US08031004102,"Census Tract 41.02, Denver County, Colorado",1469,86,9.1,4,10.8,4.8,13.4,5.8,15,5.9,12.6,4.3,16.9,5.6,10.3,4.6,8.9,3.6,2,1.9,1,1.3,36225,6404,51453,5830,45,(X),(X),(X),(X),(X),835,117,9.9,6.5,7.4,5.1,10.8,7.4,19.6,8.5,6.6,3.9,16.9,7.2,15.9,7.1,10.4,4.9,1.2,1.9,1.2,1.9,36779,15001,55075,7791,(X),(X),49.9,(X),(X),(X),478,121,6.7,7.5,6.5,6.9,9.2,8,22.2,11.2,3.8,4.1,18.2,11.2,15.9,9.6,15.5,8.3,2.1,3.2,0,6.1,(X),(X),N,N,(X),(X),(X),(X),(X),(X),634,125,7.9,5.7,18.8,9.9,16.9,9.1,9,7.5,17,7.9,16.9,9.3,4.1,5.3,6.5,6,3,3.5,0,4.6,28438,14789,43976,8627,(X),(X),(X),(X),34.5,(X)
1400000US08031004103,"Census Tract 41.03, Denver County, Colorado",2234,61,4.4,3.3,3.6,3.9,5.5,3.4,7,4.2,10.7,4.6,13.3,4.8,12.7,4.9,19.1,6.9,11.3,4.3,12.4,4.5,89630,13439,105359,10554,31.4,(X),(X),(X),(X),(X),1509,147,0,2,0,2,5.4,4.6,7.2,5.6,12.1,5.7,13.2,6.3,11.1,5.6,21.3,8.7,14.6,6,15.2,5.8,100878,16244,119268,14021,(X),(X),29.2,(X),(X),(X),1129,149,0,2.6,0,2.6,3.4,5,5,5.4,9.6,7,11,6.1,9.2,6,25.5,11.4,16,7.6,20.3,7.8,(X),(X),N,N,(X),(X),(X),(X),(X),(X),725,135,13.7,10.3,11.2,11.4,5.7,5.2,6.8,5.1,14.1,11.1,15.9,11.2,9.7,6.2,14.3,10.3,2.2,3.4,6.6,7.7,49515,13473,71253,20655,(X),(X),(X),(X),35.9,(X)
1400000US08031004104,"Census Tract 41.04, Denver County, Colorado",1886,66,7.4,4.9,2.3,1.4,8.9,4.2,6.8,3.3,10.3,5.7,18.9,6.1,16,5,21.8,5.6,3.6,2.3,4,2.7,67203,9806,78066,8216,36.9,(X),(X),(X),(X),(X),1014,112,8.6,7.7,0.7,1.1,4.6,5.8,5.5,3.5,10.8,8,18.2,7.2,17,6.7,27.5,8.6,3.7,2.8,3.3,2.5,77206,24652,84622,12844,(X),(X),40.5,(X),(X),(X),652,92,1.2,2.1,0,4.5,7.2,9,2,2.3,12.1,12.4,11.3,6.5,15.6,7.1,40.8,11.1,4.6,4.1,5.1,3.8,(X),(X),N,N,(X),(X),(X),(X),(X),(X),872,107,6,5.1,4.2,2.7,13.8,6.3,10.2,6.5,11.6,7.8,18.3,8.3,14.1,7.1,15,6.6,1.9,2.3,4.8,4.7,60902,11426,67766,9259,(X),(X),(X),(X),32.7,(X)
1400000US08031004106,"Census Tract 41.06, Denver County, Colorado",3303,114,1.9,1.8,0.8,0.7,1.1,1,0.3,0.5,6.3,4.4,7.1,3,10.3,4,28.2,5.2,18.8,5.4,25.3,6.4,137012,12538,152347,9629,22.3,(X),(X),(X),(X),(X),2369,189,1.1,1.2,0.6,1.1,0.5,0.8,0,1.3,1.8,1.4,8,4.4,7.2,3.6,25.7,5.7,22.5,7.2,32.6,8.5,159004,8845,171150,12109,(X),(X),19.6,(X),(X),(X),2030,220,0,1.5,0,1.5,0.6,0.9,0,1.5,1.1,0.9,7.4,4.4,3.9,2.7,25.9,5.5,23.7,7.9,37.3,9.6,(X),(X),N,N,(X),(X),(X),(X),(X),(X),934,194,5,6.3,1.3,2.2,1.4,2.3,1.1,1.7,17.7,13.9,8.9,6.2,14,8.4,34.7,11.3,9.2,5.9,6.7,5.6,103333,33039,102584,16599,(X),(X),(X),(X),29.1,(X)
1400000US08031004107,"Census Tract 41.07, Denver County, Colorado",2476,119,4.7,2.9,2.1,1.9,9.6,4.8,3,2.4,4.1,2.4,14.6,4.7,12.7,4.5,24.8,6.8,9.9,3.6,14.5,4.6,97500,19539,117206,13906,22.1,(X),(X),(X),(X),(X),1359,108,1.1,1.3,2,3.1,5.4,3.6,0.7,1,1.7,1.7,10.2,6.8,14.7,5.8,26.9,7.5,15.5,5.5,21.9,7.1,130298,13508,150364,21179,(X),(X),18.7,(X),(X),(X),1059,149,1.4,1.7,2.5,4,4.2,3.8,0.8,1.3,2.2,2.1,4.3,3.1,13.2,6.2,27.4,8,18.6,6.5,25.2,7.8,(X),(X),N,N,(X),(X),(X),(X),(X),(X),1117,150,9,6.1,2.3,2.1,14.7,9.5,5.8,5.1,7,4.7,20,6.9,10.2,6.8,23.3,12.2,2.1,2.4,5.6,3.4,65865,18505,76018,11484,(X),(X),(X),(X),26.1,(X)
1400000US08031004201,"Census Tract 42.01, Denver County, Colorado",1987,75,4.4,2.9,4.3,3,2.8,1.9,4.3,2.2,9.5,4.6,16.1,5.2,10.7,3.9,18.7,4.3,6.8,2.7,22.4,4.8,97839,9711,126702,12289,20.1,(X),(X),(X),(X),(X),1257,118,1.1,1.3,2.6,3.8,1.3,1.6,3.3,2.5,3.3,4.2,14.2,7.1,14.4,5.7,20.8,5.9,7.3,3.4,31.7,6.8,119549,23178,159473,17187,(X),(X),14.2,(X),(X),(X),1012,127,0.6,1,0,2.9,0,2.9,3.2,2.8,4.2,5.1,8.1,4.3,15.6,6.9,22.1,6.5,8.1,4.3,38.1,7.8,(X),(X),N,N,(X),(X),(X),(X),(X),(X),730,111,10.1,7.2,7.3,5.2,5.5,4.4,7.5,5.1,18.4,10.2,20.7,7.6,4.2,3.8,15.2,5.8,5.9,5,5.2,3.9,53625,13790,68397,11274,(X),(X),(X),(X),25.5,(X)
1400000US08031004202,"Census Tract 42.02, Denver County, Colorado",1684,53,0.7,0.9,3,3.2,3.3,2.7,4.3,3.7,8.2,4,12.4,4.9,13.5,4.3,21.6,4.8,17.8,5.9,15.2,4.2,113906,19916,136314,14561,23.2,(X),(X),(X),(X),(X),1105,87,0,2.7,0.9,1.5,1.6,2.1,1.4,1.7,8.6,5.8,7.1,3.7,13.4,5.4,23.7,6.4,22.3,7.4,21,6,136840,15251,164125,19307,(X),(X),23.1,(X),(X),(X),939,90,0,3.1,0,3.1,1.9,2.5,0.6,1.2,8.5,6.4,6.1,3.8,12.9,5.9,24.3,7.7,21.9,7.4,23.7,6.9,(X),(X),N,N,(X),(X),(X),(X),(X),(X),579,82,1.9,2.7,7.1,8.9,6.6,6.4,11.6,10.3,13.6,9.2,14.7,8.1,13.6,7.8,17.4,8.5,9.3,10.2,4.1,3.7,63750,30271,80769,19069,(X),(X),(X),(X),23.5,(X)
1400000US08031004301,"Census Tract 43.01, Denver County, Colorado",2834,162,11.7,4.8,5.5,3.1,8.4,4.2,13.1,4.1,21.2,6.3,12.2,4.3,9.5,4.3,8.8,3.9,2.3,1.8,7.3,3.4,43952,4217,65793,8588,18.3,(X),(X),(X),(X),(X),737,152,5.7,5.5,1.6,2.9,1.8,3.1,11.8,8.3,24.4,13.4,3.4,3.8,10.9,8.2,20.1,9.8,5.2,6.1,15.2,8.9,76484,50219,101298,24161,(X),(X),23.6,(X),(X),(X),495,118,1.8,3.3,0,5.9,0,5.9,12.3,8.4,15.4,13,2,3.1,12.9,10.2,27.3,13.7,7.7,9.2,20.6,12.2,(X),(X),N,N,(X),(X),(X),(X),(X),(X),2097,188,13.8,6.2,7.5,4.2,10.2,5.5,14.7,5.3,18.9,7.3,15.3,5.7,9,4.6,4.9,3.6,1.2,1.4,4.5,4.1,39240,7540,53016,10985,(X),(X),(X),(X),16.5,(X)
1400000US08031004302,"Census Tract 43.02, Denver County, Colorado",1189,69,5,4.8,3.4,2.5,1.9,2.1,3.7,2.3,9,4.9,19.3,5.9,20.2,6.4,21.3,6.1,8.2,4.2,8,3.5,83615,9236,98513,9750,22.6,(X),(X),(X),(X),(X),571,81,0,5.1,0,5.1,2.1,3.3,3.2,3.1,9.8,8.2,11.7,6.4,20.3,9.3,25.9,10.6,14,7.4,13,6.8,110347,21841,125290,18935,(X),(X),22.4,(X),(X),(X),484,75,0,6,0,6,0,6,1.9,2.5,9.1,9.2,13.8,7.5,14.5,8.6,28.9,12.1,16.5,8.6,15.3,8,(X),(X),N,N,(X),(X),(X),(X),(X),(X),618,110,9.7,9,6.5,4.8,1.6,2.4,4.2,3.7,8.3,5.4,26.4,11,20.1,9,17,7.6,2.9,3.7,3.4,3.8,62727,11457,73772,10562,(X),(X),(X),(X),22.8,(X)
1400000US08031004303,"Census Tract 43.03, Denver County, Colorado",1596,86,3,2.9,1.1,0.8,1.6,1.4,2.3,1.8,5.5,2.7,6.8,3,7.5,3,19,6.3,8.8,3.1,44.3,7.1,163929,33735,301460,78152,23.5,(X),(X),(X),(X),(X),1167,99,3.4,3.9,0.9,1.2,0,2.5,2.2,2,2.7,2.3,6,3.4,4.8,3.2,17.8,7.3,8.7,3.4,53.6,8.5,206602,20556,321908,76831,(X),(X),23.3,(X),(X),(X),995,96,0.7,1.1,1,1.4,0,3,0,3,2.1,2.1,4,3,3.7,3,17.3,7.1,10.2,4,61,9,(X),(X),N,N,(X),(X),(X),(X),(X),(X),429,90,1.9,3,1.9,3.3,6.1,5.2,2.3,3.6,13.3,8.3,11.7,7.4,12.1,7.6,22.4,9.9,9.3,6.7,19.1,12.4,105875,33088,245176,192801,(X),(X),(X),(X),24,(X)
1400000US08031004304,"Census Tract 43.04, Denver County, Colorado",2771,140,3.5,2.5,4.5,4.6,6.7,3.4,7.5,3.9,9.1,4.6,12.4,4.7,14.9,5.1,21,6.2,7,3.3,13.3,3.8,77868,11245,112590,16627,22.1,(X),(X),(X),(X),(X),1430,181,1.3,1.9,4.6,6.8,4.1,4.3,5.4,5.4,3.8,3.1,10.1,5.4,15.8,7.5,23.6,8.8,12.5,6.2,18.8,6.8,105000,21251,131175,18827,(X),(X),26.1,(X),(X),(X),1122,165,0,2.6,5.9,8.5,0,2.6,2.9,3.4,3.5,3.5,9.4,5.8,13.6,6.8,26.2,10.7,14.6,7.3,24,8.2,116798,18768,N,N,(X),(X),(X),(X),(X),(X),1341,187,5.8,4.4,4.5,4.2,9.5,5.7,9.7,5.5,14.8,8.2,14.8,7.2,14.5,7.5,17.7,8.8,1.1,1.8,7.5,4.3,61103,20242,92691,25897,(X),(X),(X),(X),17.8,(X)
1400000US08031004306,"Census Tract 43.06, Denver County, Colorado",2260,51,2.8,3.1,3.3,2.4,5,2.8,8.9,4.3,8.3,3.8,14.9,5,9.6,4.4,17.8,5.5,5.9,3.9,23.5,6.4,95400,16393,144932,21769,18.9,(X),(X),(X),(X),(X),1263,155,0,2.3,1.3,2.1,4.4,3.5,1.9,2,1.7,2.7,16.2,7,8.6,5.5,21.9,7.9,9.7,5.9,34.4,9.9,130750,21943,195761,36186,(X),(X),16.6,(X),(X),(X),1086,154,0,2.7,1.5,2.5,4.1,3.7,2.2,2.3,2,3.1,13.2,7.1,7.9,6.1,21.6,8.2,9.5,7.4,38,11.5,(X),(X),N,N,(X),(X),(X),(X),(X),(X),997,144,6.4,6.9,5.8,4.7,5.6,4.1,17.8,9.5,16.5,7.4,13.3,8,10.9,7.4,12.7,7.2,3,3.6,7.8,5.1,46960,13673,79379,17733,(X),(X),(X),(X),21.8,(X)
1400000US08031004403,"Census Tract 44.03, Denver County, Colorado",1722,103,7.3,3.6,2.1,1.7,13.4,5.3,10.6,4.1,18.7,4.6,23.3,5.5,12.9,4.5,7.3,3.4,2.1,2,2.3,1.9,47500,7002,59413,7169,29.8,(X),(X),(X),(X),(X),813,112,10.3,6.6,4.3,5,13.9,10.1,6.2,3.8,19.2,6.7,21.9,9,11.6,6.2,7,5.1,3.1,3.5,2.6,3.2,45724,8293,60897,12619,(X),(X),39.1,(X),(X),(X),407,83,1.5,2.4,2.9,4.4,11.5,10.1,2.7,3.9,26.5,11.2,22.9,10.6,11.3,6.3,9.3,8.3,6.1,6.9,5.2,6.3,(X),(X),N,N,(X),(X),(X),(X),(X),(X),909,124,7.3,4.6,2.8,2.5,12.9,5.9,13.6,6.3,18.7,6.7,25.2,7,12.5,6,5.1,3.4,0,3.2,2,2.1,44659,10146,52711,7618,(X),(X),(X),(X),18.9,(X)
1400000US08031004404,"Census Tract 44.04, Denver County, Colorado",2474,124,16,6.5,8.6,3.9,15.8,5.2,8.2,3.6,16.5,6.4,12.6,4.8,10.7,4.4,9.5,3.7,1.6,1.5,0.5,0.9,36125,6766,46597,5527,29.7,(X),(X),(X),(X),(X),1241,193,11.8,7.2,14.7,7.6,17,8.7,1.9,2.1,24.5,10.5,12.9,6.5,8.3,5.3,5.6,3.1,2.2,2.5,1,1.7,37435,13306,44747,7744,(X),(X),27.1,(X),(X),(X),777,188,7.2,6.6,3.5,4.1,13.1,8.9,3,3.5,33.2,14.1,14.8,8.9,13.3,8.3,6.8,5.1,3.5,4,1.7,2.8,(X),(X),N,N,(X),(X),(X),(X),(X),(X),1233,177,21,10.8,3.2,3,17.3,7.7,10.9,5.8,7.8,6.1,12.3,6.9,13.8,8,12.7,7.1,1.1,1.6,0,2.4,33059,12596,47513,9299,(X),(X),(X),(X),31.5,(X)
1400000US08031004405,"Census Tract 44.05, Denver County, Colorado",3823,197,3.8,2.3,3.3,2.4,8.7,4.3,6.1,3.1,11,4.7,15.9,5.1,11.7,4,12.7,4,13.1,4.2,13.8,3.5,76650,13661,114214,12576,22.6,(X),(X),(X),(X),(X),1912,192,3.5,2.8,2,3.2,3.9,3.5,5.4,4.8,4.2,2.8,13,6.2,11.7,5.2,17.7,6.5,15.1,5.8,23.5,6.6,115781,20326,153541,22802,(X),(X),19.6,(X),(X),(X),1524,203,0,1.9,2.6,4.1,2.6,2.4,5.8,5.7,2,1.9,13.6,7.5,10.8,6,19.6,7.6,17.4,6.5,25.6,8.1,(X),(X),N,N,(X),(X),(X),(X),(X),(X),1911,229,4.1,3.5,4.6,3.6,15.4,7.7,6.7,3.7,17.7,7.8,18.7,7.9,13.2,6.2,6.8,2.9,10.5,5.8,2.4,1.7,53720,11033,71226,9497,(X),(X),(X),(X),24.9,(X)
1400000US08031004503,"Census Tract 45.03, Denver County, Colorado",1234,79,10.7,5.3,8,5.1,19.1,6.9,12.2,6.7,19.2,8.8,10.2,5.5,12.6,7.3,5.5,4.7,1.1,1.6,1.3,2.1,34861,8762,47266,9022,28,(X),(X),(X),(X),(X),784,91,6.9,5.2,8,7.2,18,8.9,13.6,8.9,18.4,9.9,10.5,6.6,16.8,11,5.7,6.2,0,3.8,2,3.3,36071,7902,48513,10989,(X),(X),34.8,(X),(X),(X),563,109,0,5.2,7.6,8.4,16.7,10.2,16,11.5,13.7,12.4,11.7,8.3,23.4,15,8,8.3,0,5.2,2.8,4.6,(X),(X),N,N,(X),(X),(X),(X),(X),(X),450,91,17.3,9.9,8,8.1,21.1,10.4,9.8,7.6,23.6,13.6,13.8,11.1,1.8,2.9,1.6,2.6,3.1,4.4,0,6.4,30938,11743,36704,7908,(X),(X),(X),(X),16.2,(X)
1400000US08031004504,"Census Tract 45.04, Denver County, Colorado",1110,51,7.5,5,10.6,4.7,9.8,5.6,13.4,5.7,26.1,9.5,15.2,5.6,9.5,5,5.2,3.9,2,2.2,0.5,1,38222,4013,49610,11633,32.6,(X),(X),(X),(X),(X),873,92,4.1,4.3,12.4,6.4,4,3.3,15.9,7.1,28.4,10.7,18.6,7.2,6.8,4.6,6.6,5.1,2.5,2.7,0.7,1.3,41158,2925,54557,14471,(X),(X),31,(X),(X),(X),528,104,1.1,1.9,1.7,2.8,3.8,4.3,22,10.1,26.7,15.2,24.2,9.6,8.7,6.7,7.6,6.3,4.2,4.6,0,5.5,(X),(X),N,N,(X),(X),(X),(X),(X),(X),237,81,19.8,15.2,8,8.8,31.2,20.4,4.2,6.6,17.3,13.1,11.4,11,8,11.7,0,11.9,0,11.9,0,11.9,22850,6546,28020,8783,(X),(X),(X),(X),34.6,(X)
1400000US08031004505,"Census Tract 45.05, Denver County, Colorado",1233,59,12.6,6,9,5.1,27.5,9.5,11.1,6.4,19.1,7.4,15.1,7.9,1.9,2.3,2.8,3,0,2.4,0.9,1.3,26597,8946,34470,4605,30,(X),(X),(X),(X),(X),886,102,8,6.4,5.4,5.1,32.1,11.9,14.2,8.8,19.1,9.2,13.4,9.1,2.7,3.2,3.8,4.3,0,3.3,1.2,1.8,28250,7982,36541,5899,(X),(X),30.4,(X),(X),(X),588,109,0,5,8.2,7.7,35.5,15.7,17.9,12.7,15.6,9.3,11.1,10.5,4.1,4.8,5.8,6.4,0,5,1.9,2.8,(X),(X),N,N,(X),(X),(X),(X),(X),(X),347,95,27.4,14.1,18.2,12.2,15.9,13.3,3.2,5.2,16.1,12.9,19.3,14,0,8.3,0,8.3,0,8.3,0,8.3,20091,10936,27094,7242,(X),(X),(X),(X),29.1,(X)
1400000US08031004506,"Census Tract 45.06, Denver County, Colorado",1000,65,15.1,6.4,9.2,4.7,21.9,7.1,11.7,4.6,14.3,6.2,16.7,7.7,4.1,3.1,6.4,3.5,0,3,0.6,1,26979,7149,40170,9319,32.1,(X),(X),(X),(X),(X),804,67,11.4,7.3,7.6,5.1,24.1,8.4,9.3,4.6,13.7,6.8,20.6,9.1,6,3.9,6.5,4.3,0,3.7,0.7,1.3,30625,11701,44108,11673,(X),(X),34.7,(X),(X),(X),416,76,3.6,4.6,1.4,2.3,22.4,10.4,5.8,5.8,14.7,9.8,34.9,15.7,7.7,7.3,8.2,6.6,0,7,1.4,2.4,(X),(X),N,N,(X),(X),(X),(X),(X),(X),196,63,30.1,16.2,15.8,11.7,12.8,10,23,13.1,15.3,12.4,3.1,4.5,0,14.2,0,14.2,0,14.2,0,14.2,17222,9122,22064,4991,(X),(X),(X),(X),21.4,(X)
1400000US08031004601,"Census Tract 46.01, Denver County, Colorado",1872,43,4.8,3.4,5.6,2.3,12.8,4.8,9.3,4,22.4,5.9,22.1,5.1,11.2,3.7,8,3.5,3.3,3.3,0.5,0.8,46392,4138,55669,5601,27.2,(X),(X),(X),(X),(X),1391,112,1.4,1.1,1.2,1.4,19.2,7.1,10,5.1,18.8,6,23.5,6,12.7,5,8.2,4.3,4.5,4.3,0.6,1.1,49617,8018,59697,6390,(X),(X),26.2,(X),(X),(X),846,127,0.8,1.3,1.9,2.3,10,7,9,6.4,16.8,7.7,23.5,8,19.9,7.4,9.7,6,7.3,6.9,1.1,1.7,(X),(X),N,N,(X),(X),(X),(X),(X),(X),481,102,14.6,12.6,18.5,7.9,8.9,5.9,5,4.6,31.6,14.3,8.1,9,7.9,6.4,5.4,6.9,0,6,0,6,35771,9742,37351,9268,(X),(X),(X),(X),23.7,(X)
1400000US08031004602,"Census Tract 46.02, Denver County, Colorado",2236,124,7.7,4.1,7.4,4.9,10.8,5.1,13,5.3,17.5,5.9,21.6,6.7,12.4,4.3,8.7,5.1,0.8,1.3,0,1.3,45644,7966,50551,5566,31.8,(X),(X),(X),(X),(X),1637,196,3.6,3.3,6.2,5,9.1,6.3,13,6.2,22.8,8.5,22.1,8.5,12.4,5.1,10.8,7.1,0,1.8,0,1.8,48008,4608,53869,6389,(X),(X),33.4,(X),(X),(X),1088,214,0.8,1.5,2.2,3.4,8.7,7.7,12.1,8,19.9,9.2,24.6,10.5,15.3,7.3,16.3,10.6,0,2.7,0,2.7,(X),(X),N,N,(X),(X),(X),(X),(X),(X),599,179,18.9,14,10.9,11,17.4,10.4,15.4,13.6,13.4,12.1,13.7,10,7.5,8.2,3,4.8,0,4.9,0,4.9,25972,9756,32726,8479,(X),(X),(X),(X),20.9,(X)
1400000US08031004603,"Census Tract 46.03, Denver County, Colorado",2016,44,7.4,3.5,6,2.7,9.5,4.3,13.7,5,18.5,5.4,25.5,5.4,12.4,4.2,7,2.9,0,1.5,0.1,0.3,44032,5266,49633,3957,29.5,(X),(X),(X),(X),(X),1311,125,6.3,4.4,6.4,4.5,8.8,5.6,10.2,5.9,20.3,6.9,26.4,6.6,13,5.8,8.4,3.9,0,2.3,0.2,0.5,47350,9980,52112,5435,(X),(X),36.2,(X),(X),(X),820,135,3.4,3.7,3.4,3.5,8.9,7.1,12.4,8.6,20.2,9.6,25.1,9.8,15.7,9.1,10.5,5.8,0,3.6,0.2,0.8,52031,14664,N,N,(X),(X),(X),(X),(X),(X),705,124,9.4,5.9,8.4,3.9,13.5,7.3,14.3,7.9,17.9,8.4,24,10.1,8.1,4.5,4.5,4.4,0,4.2,0,4.2,37594,4974,42889,5004,(X),(X),(X),(X),16.9,(X)
1400000US08031004700,"Census Tract 47, Denver County, Colorado",2157,124,5,4.1,5,5.1,11.3,6.5,12.5,6.6,17.8,6,21.2,7.1,18.5,8.7,5.1,3.3,3.1,3.1,0.6,1,48912,10025,56672,6992,33.1,(X),(X),(X),(X),(X),1604,152,4.8,5.1,6.7,6.8,12.5,8.6,10.4,7.1,16.5,7.4,19.5,6.7,18.6,9.8,6.9,4.4,4.1,4.2,0,1.9,48750,15140,57080,8151,(X),(X),37.4,(X),(X),(X),1000,210,3.9,6.4,2.3,2.7,6.5,7.8,13,10.4,16.7,6.6,22.5,9.4,17.5,11.7,11,7,6.6,6.7,0,3,(X),(X),N,N,(X),(X),(X),(X),(X),(X),553,128,5.6,6.7,0,5.3,8,7.8,20.8,16.4,21.3,11.4,25,16.8,17.2,14.8,0,5.3,0,5.3,2.2,3.9,45650,16307,53611,11327,(X),(X),(X),(X),20.6,(X)
1400000US08031004801,"Census Tract 48.01, Denver County, Colorado",1058,47,5.1,4.6,2,1.9,11.3,5.2,6.7,3.8,11,4.8,19.2,6.9,11.6,4.8,29.1,7.1,1.6,1.8,2.4,2.7,66875,10619,75097,6880,28.6,(X),(X),(X),(X),(X),815,76,7.4,6,1.6,2.1,3.8,3.1,4.2,3.4,6.1,4,22.8,8.3,12.5,5.1,36.4,8.8,2.1,2.4,3.1,3.5,79821,15652,84824,8413,(X),(X),26.9,(X),(X),(X),650,68,1.2,1.8,1.2,2.2,4,3.4,2.8,3,5.4,4.6,27.2,9.7,10.3,5.8,41.4,10.9,2.6,3,3.8,4.5,(X),(X),N,N,(X),(X),(X),(X),(X),(X),243,75,4.1,6.3,3.3,5.3,30,15.9,21.8,13.4,20.6,13.1,7,7.2,8.6,9.4,4.5,6.7,0,11.6,0,11.6,31250,6624,39298,9599,(X),(X),(X),(X),28,(X)
1400000US08031005001,"Census Tract 50.01, Denver County, Colorado",1132,31,3,2.9,2.5,2.3,5.8,3.6,13.5,6.9,20,8.1,18.1,6.8,15.5,6.7,12.7,5.5,7.9,4.3,1,1.7,56761,9655,71188,8443,19.6,(X),(X),(X),(X),(X),709,87,2.3,2.6,1.3,2,6.8,5,14.8,11,22.6,11.3,11.6,6.9,15.8,8.4,14.5,8.4,8.9,6.1,1.6,2.7,56250,28997,75347,13142,(X),(X),23.7,(X),(X),(X),522,97,1.9,3,1.7,2.7,5.9,6.6,12.3,10.5,23.2,13.3,10.3,6.9,13.4,8.6,17,10.2,12.1,8.3,2.1,3.6,(X),(X),N,N,(X),(X),(X),(X),(X),(X),423,84,6.6,6.4,4.5,4.9,4.3,4.8,11.3,7.9,15.6,10.7,29.1,12.3,12.8,8.5,9.7,6.5,6.1,6.4,0,6.8,56174,8364,62400,11115,(X),(X),(X),(X),12.8,(X)
1400000US08031005002,"Census Tract 50.02, Denver County, Colorado",3338,156,14.3,4.1,6.8,4,13.3,4.4,13.3,5.1,19.1,4.9,8.7,3.5,8.5,3.3,10.9,4,1.9,1.5,3.2,2.3,36096,2871,55043,7826,30.1,(X),(X),(X),(X),(X),1715,215,11.7,6.8,7.3,5.3,9.2,5.4,13.6,7.8,16.5,5.5,12.8,5.5,7.6,4.5,11.3,5.3,4.6,2.9,5.4,4.5,40271,7157,68535,14843,(X),(X),27,(X),(X),(X),1069,203,6,6.8,3.6,3.5,4.2,4.4,10.5,9.5,18.8,8.3,14.8,7.3,12.2,7,18.1,8.1,6.1,4.5,5.7,5.4,(X),(X),N,N,(X),(X),(X),(X),(X),(X),1623,202,19.5,6.2,6.2,5.4,17.7,7.4,12,5.2,20.9,8.1,6.7,4.4,7.4,4.6,9.6,6.1,0,1.8,0,1.8,30096,8778,38535,5542,(X),(X),(X),(X),30.1,(X)
1400000US08031005102,"Census Tract 51.02, Denver County, Colorado",1485,79,1.8,1.6,4.4,3.8,7.1,3.8,8,4.1,20.9,6.2,17.2,5.1,17.5,5.2,18.2,5.5,3.6,2.2,1.2,1.4,62102,9248,71241,6156,23.1,(X),(X),(X),(X),(X),828,116,2.5,2.3,4,3.3,4,5.1,4.8,4.9,17.5,7.3,18.1,6.9,13.9,5.6,27.8,9.3,5.2,3.3,2.2,2.5,73750,13242,83046,9798,(X),(X),22.3,(X),(X),(X),620,106,1.3,2.2,1.5,2.3,5.3,6.8,6.5,6.5,15.3,8.4,13.7,5.9,16.8,6.4,31.3,10.3,6.9,4.5,1.5,2.2,(X),(X),N,N,(X),(X),(X),(X),(X),(X),657,112,1.7,2.3,4.9,7.1,11,6.1,12,7,26.8,10.8,17.2,7,19.3,8.7,6.2,4.4,0.9,1.7,0,4.5,46838,4049,53998,6164,(X),(X),(X),(X),24,(X)
1400000US08031005104,"Census Tract 51.04, Denver County, Colorado",1570,74,11.7,5.2,5.1,2.8,14.2,4.7,15.5,5.5,17.9,6,14.1,5.8,7,3.2,7.1,3.5,1.9,1.3,5.4,3.3,38718,5014,65581,13654,24.8,(X),(X),(X),(X),(X),772,92,9.2,7,6.2,6.3,6.9,5,13,7.9,19.4,9.1,12.6,9.2,9.2,5,11.5,6.5,1.9,2.2,10.1,6.5,46346,7057,90926,25928,(X),(X),30.4,(X),(X),(X),611,98,8.3,6.9,7.9,7.6,5.9,4.6,6.7,5.9,19.6,10.8,12.8,10,10.3,6,14.6,8.1,2.5,2.8,11.5,7.9,(X),(X),N,N,(X),(X),(X),(X),(X),(X),798,104,14.2,7.1,6.1,4.6,21.3,7.7,17.9,7.1,16.4,7.8,13.9,6.3,4.5,4.4,2.9,2.8,1.9,2.1,0.9,1.3,29138,4822,40233,7382,(X),(X),(X),(X),18.9,(X)
1400000US08031005200,"Census Tract 52, Denver County, Colorado",1386,51,3.4,3.4,1.3,1.4,7.5,3.5,7.9,3.6,12.1,4.6,11.5,5.4,17.5,5.1,19.1,5.8,14.9,4.6,4.8,2.6,82976,8774,91944,7495,26.6,(X),(X),(X),(X),(X),874,97,3.1,4.6,0,3.4,5.5,4,3.5,2.3,11.8,6.1,9,6.5,15.7,6,24.4,8.1,19.5,6.7,7.6,4.1,102594,13796,107895,11029,(X),(X),26.2,(X),(X),(X),643,85,0,4.6,0,4.6,4.4,4,0,4.6,5.6,4.5,11.5,8.3,12.9,6.3,28.9,9.1,26.4,8.7,10.3,5.4,(X),(X),N,N,(X),(X),(X),(X),(X),(X),512,89,3.9,4.3,3.5,3.9,10.9,6.3,19.5,9.7,10.2,6.4,14.3,8.1,20.5,10.6,10.5,6.7,6.6,5.3,0,5.7,54583,24133,63768,9615,(X),(X),(X),(X),22.7,(X)
1400000US08031005300,"Census Tract 53, Denver County, Colorado",676,55,5.9,4.2,4.9,3.1,17.8,7.3,19.5,7.1,12.7,5.8,11.7,4.6,9.5,4.8,9.8,3.9,5.9,3.6,2.4,2.6,36161,5909,59807,9260,22.3,(X),(X),(X),(X),(X),305,58,5.6,8.3,3,3.5,2,3.1,24.9,12.4,10.5,7.4,14.4,8.1,14.1,8.1,10.5,6.1,9.8,7.4,5.2,5.5,52232,31510,78931,19202,(X),(X),25.9,(X),(X),(X),212,55,0,13.2,0,13.2,2.8,4.5,25.9,15.2,6.6,7.7,18.9,11.7,11.8,9.2,15.1,8.6,11.3,9.3,7.5,8,(X),(X),N,N,(X),(X),(X),(X),(X),(X),371,69,6.2,3.7,6.5,4.6,30.7,10.6,16.7,6.8,15.6,8.2,8.4,5.6,7,5.5,6.2,4.6,2.7,3.1,0,7.8,29148,5322,42180,6878,(X),(X),(X),(X),19.4,(X)
1400000US08031005502,"Census Tract 55.02, Denver County, Colorado",564,44,3.2,2.6,2,2,5.7,5.3,5,3.5,17.4,6.2,19.1,6.2,16,7.2,25,8.2,4.1,3.9,2.7,2.3,73587,6974,82289,9596,19,(X),(X),(X),(X),(X),422,37,1.7,2.6,1.2,1.8,6.4,6.9,2.4,3.3,21.8,8.4,16.1,8.5,14.9,9,26.5,9.2,5.5,5.2,3.6,3.1,77500,16309,87093,11564,(X),(X),18.2,(X),(X),(X),282,55,2.5,3.9,0,10.1,0,10.1,1.1,2.5,12.4,7,19.1,10.4,20.9,13,30.5,11.5,8.2,7.8,5.3,4.6,90263,12125,N,N,(X),(X),(X),(X),(X),(X),142,39,7.7,7.2,4.2,5.8,3.5,5.4,12.7,9.2,23.2,13.2,13.4,10,19.7,11.8,15.5,14.7,0,18.9,0,18.9,49444,33758,59104,14198,(X),(X),(X),(X),21.1,(X)
1400000US08031005503,"Census Tract 55.03, Denver County, Colorado",1765,82,9.9,4.9,1.9,1.4,6.4,2.8,10.2,3.5,11.4,4.1,20.2,5.8,14.1,5.1,17.6,5.3,5,2.5,3.2,2.4,62006,10812,71989,6313,22.4,(X),(X),(X),(X),(X),1304,101,8.2,5.9,1.1,1.3,7.1,3.1,9.2,4.5,10.5,4.9,21.5,7,13.9,5.7,20.3,6.4,6.2,3.2,2.1,1.9,68947,8041,75557,6792,(X),(X),24.8,(X),(X),(X),902,97,3.4,3.4,0.7,1.3,5.4,3.7,5.7,3.9,14.1,6.4,15.9,7.3,16.6,7.5,26.3,8.6,9,4.7,3,2.7,80294,14247,N,N,(X),(X),(X),(X),(X),(X),461,82,14.8,8.8,4.3,3.7,4.6,5.2,17.6,8.8,14.1,8.7,16.5,7.6,10.2,9.3,10,7.6,1.7,3,6.3,7.3,40144,15164,59182,14969,(X),(X),(X),(X),15.6,(X)
1400000US08031006701,"Census Tract 67.01, Denver County, Colorado",1868,127,4.6,2.3,2.2,2.2,5.5,3.3,8.5,3.6,16.4,5.4,23.6,5.4,18.4,4.9,15.7,5.1,2.4,2,2.8,2.1,61776,6871,70661,6100,17.9,(X),(X),(X),(X),(X),484,124,5.2,6.3,0,6,0,6,2.9,3.1,13.6,9.7,23.3,13.6,17.8,8,30,12.9,5.6,6.7,1.7,2.5,85735,22118,84871,11189,(X),(X),14.7,(X),(X),(X),310,94,3.9,6.8,0,9.2,0,9.2,3.2,3.6,7.7,6.8,11.9,9.2,23.2,11.9,41.3,14.3,6.1,9.5,2.6,3.9,100000,15052,N,N,(X),(X),(X),(X),(X),(X),1384,152,4.3,2.3,3,2.9,7.4,4.4,10.5,4.6,17.3,6.4,26.3,6.6,15.9,5.3,10.8,4.8,1.2,1.4,3.3,2.7,57575,7973,65297,7939,(X),(X),(X),(X),19.1,(X)
1400000US08031006804,"Census Tract 68.04, Denver County, Colorado",1276,76,2.8,2.2,2,1.9,4.7,3.6,3.1,2.6,12.9,6,18.7,6.6,15.1,5.6,24.3,6.2,7.8,3.7,8.5,4,83274,9657,97039,10158,32.8,(X),(X),(X),(X),(X),563,80,0,5.2,1.2,2.1,3.2,4.3,3.7,4.1,6.2,5.2,8.7,5.3,17.6,10.4,37.7,10.2,8.3,5.9,13.3,8,107863,5047,119180,16494,(X),(X),33.2,(X),(X),(X),482,91,0,6,0,6,1.7,2.8,1.9,2.8,3.3,4,10.2,6,17.2,10.8,42.1,11.3,8.1,6.5,15.6,9.4,(X),(X),N,N,(X),(X),(X),(X),(X),(X),713,104,5,3.9,2.7,2.9,5.9,5.5,2.7,2.8,19.4,10.3,25.4,10.9,13.2,6.6,13.7,7.4,7.4,4.7,4.6,3.8,61609,5387,79298,11740,(X),(X),(X),(X),32.4,(X)
1400000US08031006809,"Census Tract 68.09, Denver County, Colorado",3542,160,6,2.8,3.5,2.6,5.7,2.7,12,4.5,16.7,4.6,15.8,6,10.7,3.9,7.3,2.2,11.9,4.8,10.4,5.2,53286,2093,94851,15219,25.7,(X),(X),(X),(X),(X),1675,205,1.2,1.7,0,1.8,2.4,2.2,1.7,1.9,16.9,7.4,9.5,7.9,13.9,6.5,14,4.8,22.6,8.3,17.9,9.2,112241,29086,137120,23426,(X),(X),28.5,(X),(X),(X),1283,181,0.6,1,0,2.3,1,1.6,1,1.6,5.5,3.9,10.4,9.9,17.1,7.5,15.7,5.1,25.5,8.6,23.3,12.1,(X),(X),N,N,(X),(X),(X),(X),(X),(X),1867,237,10.3,5.3,6.6,4.8,8.7,4.6,22.1,8.1,16.5,6.5,20.6,9.9,7.9,5,1.2,1.4,2.3,4.3,3.7,6,37075,10627,56680,21164,(X),(X),(X),(X),23.2,(X)
1400000US08031006810,"Census Tract 68.10, Denver County, Colorado",2563,135,2.1,2,0.5,0.9,9.1,4.3,13.3,4.9,17.8,6,12.9,4.3,19.4,6.7,15.8,4.2,5.9,3.1,3.2,2.4,65504,8458,74344,6983,22.5,(X),(X),(X),(X),(X),1326,181,1.2,2.1,0,2.2,4.1,3.8,12.6,8,17.9,8,18.2,7.4,18.7,7.8,11.1,5.8,11.5,6,4.8,3.9,70938,14175,84590,11327,(X),(X),25.1,(X),(X),(X),990,144,1.6,2.8,0,3,4,4.3,10.9,9.8,10.9,7,10.9,5.7,25.1,10.1,14.8,7.7,15.4,7.7,6.4,5.1,81275,6044,N,N,(X),(X),(X),(X),(X),(X),1237,186,3,3.4,1.1,1.8,14.4,8.4,14.1,6.9,20.2,10.2,10,6.6,20.1,10.6,15.6,7.2,0,2.4,1.5,2.3,46285,19015,60272,7803,(X),(X),(X),(X),19.6,(X)
1400000US08031006811,"Census Tract 68.11, Denver County, Colorado",3115,147,3.7,2.7,4.5,3,6.7,3.9,13.5,5,13.7,4.6,23.4,6.4,11.5,4.6,12.6,4,5.4,2.1,5.1,2.9,60069,8623,74519,6742,28.1,(X),(X),(X),(X),(X),1491,185,1.1,1.8,2.2,2.1,0,2,4.9,3.6,10.7,6.9,34,10.1,9.1,4.9,20.8,7.7,7.2,3.8,10.1,5.8,72639,7219,99173,11382,(X),(X),29.8,(X),(X),(X),1132,178,0,2.6,2.9,2.8,0,2.6,5.1,4.2,6.8,4.1,29,10.4,12,6.4,23,8.3,8,4.1,13.3,7.4,84224,16018,N,N,(X),(X),(X),(X),(X),(X),1624,191,7.1,5,6.5,5.7,12.9,7.1,21.3,8.7,19.1,7.7,14.2,6.7,9.5,6.7,5,3.5,3.8,2.4,0.6,1,36750,7208,49364,7652,(X),(X),(X),(X),26.5,(X)
1400000US08031006812,"Census Tract 68.12, Denver County, Colorado",1893,62,2.9,2,5.1,3,13.9,3.9,10,3.4,15.2,5.2,14.1,5.1,13.2,4.8,13.5,4.3,6.6,3,5.4,2.6,54526,8417,79324,10136,24.2,(X),(X),(X),(X),(X),809,90,0,3.6,1.2,2,6.4,4,10,6.6,11.5,5.9,13.3,5.1,19.3,6.4,16.4,7.4,9.8,4.7,12,6,86483,6787,112589,21059,(X),(X),20,(X),(X),(X),587,78,0,5,0,5,6.1,4.6,3.1,2.5,10.2,7.1,12.4,5.4,20.1,7.8,19.1,9.2,13.5,6.1,15.5,8.1,(X),(X),N,N,(X),(X),(X),(X),(X),(X),1084,109,5.1,3.5,8,5.3,19.5,6.3,10.1,5.2,18.8,6.4,14.7,8.2,8.6,6.4,10.5,5.1,4.2,3.2,0.6,1,41042,6996,53508,8106,(X),(X),(X),(X),27.3,(X)
1400000US08031006813,"Census Tract 68.13, Denver County, Colorado",2349,177,7.7,4.8,5.5,4,15.8,6.2,12.3,5.9,22.9,6.9,17.7,7.6,7.3,4.9,8.9,4,0.7,1.2,1.1,1.3,40445,6792,49487,6421,28.5,(X),(X),(X),(X),(X),849,219,3.7,4.2,4.5,6.6,17.6,13.8,12.5,11.3,29.6,14.4,9.8,6.9,13.7,11,7.8,5.9,0,3.5,1.1,1.8,37771,6233,49096,10039,(X),(X),30.7,(X),(X),(X),550,162,0,5.3,0,5.3,7.6,7.9,13.5,15.7,40.7,20.3,8.5,8,17.8,15.3,10.2,8.7,0,5.3,1.6,2.7,(X),(X),N,N,(X),(X),(X),(X),(X),(X),1500,259,10,7.4,8.6,6.2,14.9,7.9,12.2,7.4,21,8.3,20.4,11.2,1.1,1.9,9.6,5.7,1.1,1.9,1.1,1.7,40714,10918,47507,8448,(X),(X),(X),(X),24.7,(X)
1400000US08031006814,"Census Tract 68.14, Denver County, Colorado",1968,151,8.3,5.6,6,4.7,11.3,5.7,13,6.7,14.9,7.4,16.6,7.1,13.4,5.1,7.7,3.3,4.5,3.6,4.3,4.3,48600,9406,64489,9090,29.8,(X),(X),(X),(X),(X),1144,183,11,9,1.2,1.9,11.4,8.5,3.7,5.7,19.4,9.2,16.9,7.5,15.4,7.3,9.9,6.4,3.8,3.3,7.3,7.3,53071,10356,73828,15464,(X),(X),32.1,(X),(X),(X),652,147,8.1,7.2,0,4.5,2.3,3.7,6.4,9.6,15.5,8.6,25.6,12.1,10.4,8.3,16.7,10.9,2,2.9,12.9,12.4,(X),(X),N,N,(X),(X),(X),(X),(X),(X),824,194,4.6,4.7,12.7,10.5,11.3,7.3,25.8,13.3,8.6,9.6,16.3,11.3,15.3,9.9,0,3.6,5.3,6.2,0,3.6,33733,12610,49052,9587,(X),(X),(X),(X),26.6,(X)
1400000US08031006901,"Census Tract 69.01, Denver County, Colorado",2662,153,8.8,3.9,8,3.6,13.7,5.7,28.4,7.2,11.1,4.6,13.7,5.6,6.7,3.8,5,2.7,4.1,2.9,0.5,0.9,31449,2838,45350,5193,21.4,(X),(X),(X),(X),(X),1049,175,3.4,3.9,9.2,7.8,5.7,6.8,34.8,10,8.7,4.8,14.2,7.5,5.4,5.6,9.1,5.9,8.2,5.7,1.3,2.2,34248,9526,58205,9742,(X),(X),13.5,(X),(X),(X),538,198,2.2,3.8,0,5.4,2.8,4.4,20.3,19.6,14.5,8.2,20.3,14.1,3.7,4.3,17.7,12.2,16,11,2.6,4.2,(X),(X),N,N,(X),(X),(X),(X),(X),(X),1613,217,12.3,5.9,10.4,5.4,19.4,9,21.6,8.2,12.2,6.3,13.6,7.3,6.7,4.8,2.4,1.8,1.5,3,0,1.8,27171,2676,36070,6260,(X),(X),(X),(X),22.6,(X)
1400000US08031007006,"Census Tract 70.06, Denver County, Colorado",2416,135,7.6,3.9,7.7,5,18.7,6.4,22.1,6.6,19,7.6,12.5,5.5,5.7,2.7,6.1,3.9,0.6,1,0,1.2,31386,3132,39706,4827,19.4,(X),(X),(X),(X),(X),906,226,2.9,4.3,3.9,3.9,28.6,13.5,19,11.1,14.6,9.9,18.7,11,6.7,5.9,4.1,4.4,1.7,2.5,0,3.3,31766,10984,42378,6625,(X),(X),30.8,(X),(X),(X),485,187,0,6,0,6,23.7,15.8,20.8,15.2,14.8,13.1,23.3,17.4,6.6,9.4,7.6,8,3.1,4.6,0,6,45391,18644,N,N,(X),(X),(X),(X),(X),(X),1510,235,10.4,6.1,11.4,7.7,14.3,7.3,24.6,8.8,18.6,9.5,8.9,6,4.6,3.8,7.3,5.8,0,2,0,2,29638,4802,37066,6364,(X),(X),(X),(X),12.5,(X)
1400000US08031007013,"Census Tract 70.13, Denver County, Colorado",1938,80,6.4,4.2,0.5,0.7,7.7,3.6,9.9,4.1,17.1,5.2,21.2,5.9,15,5.8,16.2,5.2,2.2,1.8,4,2.3,56940,5858,70476,7693,23.4,(X),(X),(X),(X),(X),804,147,2.9,3.2,1.1,1.6,5.6,7.3,10.3,6.3,21.4,9.3,16.5,8.4,16.4,9.9,15.3,7.5,2,2.9,8.5,5.7,55658,14327,81072,15127,(X),(X),32,(X),(X),(X),555,150,1.6,2.4,1.6,2.4,7.2,10.5,7.4,6.5,25,12.5,9.5,7.7,16,12.1,16.8,10.3,2.5,3.7,12.3,8.2,57204,56576,N,N,(X),(X),(X),(X),(X),(X),1134,149,10.1,6.9,0,2.6,8.6,4.2,10.3,5.4,14,5.4,24.4,7.3,13.9,6.1,15.5,7.2,2.3,2.3,0.8,0.9,57526,8192,61283,8007,(X),(X),(X),(X),16.7,(X)
1400000US08031007037,"Census Tract 70.37, Denver County, Colorado",1759,103,9.2,4.3,3.2,2.8,22.5,5.9,18.3,5.8,18.9,5.9,12.4,4.8,7.6,3.7,4.7,2.8,1.6,1.5,1.6,1.3,32832,3659,46316,5258,34.4,(X),(X),(X),(X),(X),839,145,8.3,5.8,4.3,5.3,27.9,9.7,9.1,7,18.5,9.1,10.3,6.4,11.7,6.3,3.9,3.4,2.6,2.9,3.5,2.8,35179,7351,55030,9784,(X),(X),39.8,(X),(X),(X),387,107,5.7,4.3,0,7.5,22.7,11,8.3,12,7.8,6.6,12.1,12,21.7,12.3,8.5,7.4,5.7,6.1,7.5,6.3,(X),(X),N,N,(X),(X),(X),(X),(X),(X),920,133,9.9,6.2,2.3,2.2,20.1,8,27.5,8.2,16,7,14.3,6.6,4.6,4.3,5.3,3.9,0,3.2,0,3.2,31735,3200,37573,5373,(X),(X),(X),(X),28.8,(X)
1400000US08031007088,"Census Tract 70.88, Denver County, Colorado",2404,133,8.3,4.6,5.3,3.8,3.7,2.3,15.1,5.8,9.9,4.3,22,7.4,19.6,6.1,7.4,3.9,2.8,2.3,5.8,3.4,58864,11535,70945,10164,24.3,(X),(X),(X),(X),(X),998,166,10.7,8.6,3.5,5.7,5.1,3.7,10.8,6.6,4.3,5.3,18.3,9.8,24.8,11.8,8.6,5.7,6.4,5.3,7.3,5.1,71439,10202,77145,12483,(X),(X),23,(X),(X),(X),672,148,6.7,7.6,0,4.4,2.2,3.7,9.1,7.2,0.3,1.6,22.8,13.1,25.7,12.4,12.8,8.2,9.5,7.8,10.9,7.9,(X),(X),N,N,(X),(X),(X),(X),(X),(X),1406,192,8.8,5.9,6.6,5.2,4.8,3.6,19.9,9,16.3,7,17.9,9.4,14.1,6.9,6.5,5.6,0.3,0.8,4.8,4.4,42628,9520,63865,14846,(X),(X),(X),(X),23.2,(X)
1400000US08031007089,"Census Tract 70.89, Denver County, Colorado",3448,195,5.7,2.8,11.1,4.6,26.6,5.4,17.7,5.2,17.1,4.2,13.6,4.1,3.7,2.8,3.8,1.8,0.8,0.9,0,0.9,27719,3580,36500,3466,25.9,(X),(X),(X),(X),(X),872,179,1.6,2.8,5.8,6.8,20.5,10.6,22.5,12,11.8,7.4,23.6,10.8,9.7,8.5,1.4,2.3,3,3.5,0,3.4,34881,7449,47513,8409,(X),(X),27.8,(X),(X),(X),491,136,2.9,4.8,2.9,4.6,13.6,9.3,30.1,15.7,11.8,9.8,25.3,13.6,8.6,7.7,2.4,4,2.4,3.8,0,5.9,(X),(X),N,N,(X),(X),(X),(X),(X),(X),2576,228,7.1,3.6,12.8,5.8,28.7,6.1,16.1,5.6,18.9,5,10.2,3.5,1.6,1.5,4.6,2.4,0,1.2,0,1.2,25720,3959,32771,2940,(X),(X),(X),(X),25.3,(X)
1400000US08031008304,"Census Tract 83.04, Denver County, Colorado",931,38,9.7,4.7,2.4,2.5,12.7,6.5,13.2,5.6,24.3,6.9,16.5,5.1,13.5,4.5,7.2,4.6,0.5,0.8,0,3.2,42017,6152,48300,4892,54.7,(X),(X),(X),(X),(X),810,58,10.4,5.2,2.1,2,13.5,7.3,7.3,4.6,25.9,8,22.2,5.8,14.4,5.1,3.6,2.9,0.6,0.9,0,3.6,45776,6152,47703,4816,(X),(X),56,(X),(X),(X),454,83,0,6.4,2.2,2.5,13.7,8.7,8.6,7.1,34.1,11.7,22.7,9.5,17,8.2,0.7,1.5,1.1,1.6,0,6.4,45833,5748,N,N,(X),(X),(X),(X),(X),(X),121,46,5,7.7,9.1,14.4,7.4,8.7,47.9,21.3,13.2,11.3,17.4,11.9,0,21.7,0,21.7,0,21.7,0,21.7,30905,2965,34619,5552,(X),(X),(X),(X),39.7,(X)
1400000US08031008305,"Census Tract 83.05, Denver County, Colorado",990,38,6.5,4.2,1.8,2.1,6.5,4.2,21.1,6.7,19.4,5.6,21.1,6,10.9,5.1,9.3,3.8,3.4,3,0,3,46149,6005,55201,5911,56.3,(X),(X),(X),(X),(X),851,47,8.6,5.2,2.1,2.5,8.3,5.7,20.8,7.3,17,6.2,20.1,6.6,9,4.6,10.8,4.4,3.2,3.4,0,3.5,42457,8115,53751,6960,(X),(X),57.5,(X),(X),(X),543,84,3.7,5.4,0,5.4,5.7,5.4,21.2,10.7,17.1,6.8,22.8,9.2,11.4,5.6,14.2,6.5,3.9,4.9,0,5.4,53008,9255,N,N,(X),(X),(X),(X),(X),(X),139,50,4.3,6.8,0,19.3,15.1,11.3,23,14.4,28.1,15.8,18.7,16.6,5.8,7.6,0,19.3,5,7.8,0,19.3,42188,12347,45897,12863,(X),(X),(X),(X),33.1,(X)
1400000US08031008306,"Census Tract 83.06, Denver County, Colorado",1762,77,10.4,4.3,6.8,3.5,14.5,5.6,14.8,5,17.1,4.2,17.7,5,12.8,3.9,4,2.3,1.6,1.7,0.4,0.7,38750,7842,45959,4390,52.4,(X),(X),(X),(X),(X),1359,113,12.2,5.1,6.8,4.5,16.1,6.1,11,4.9,17.4,5.3,16.8,5.6,13,4.6,4.1,2.7,2.1,2.3,0.5,0.9,38229,9370,46006,5017,(X),(X),50,(X),(X),(X),830,125,8.7,6.2,1.9,3.3,12.5,7,12.9,6.4,22.5,8.1,15.4,7.2,17,7,4.8,4,3.4,3.7,0.8,1.4,46194,3237,N,N,(X),(X),(X),(X),(X),(X),403,97,12.2,8.5,6.9,6.8,12.9,8.7,32.3,14.4,12.7,9.2,9.7,7,9.9,7.8,3.5,4.3,0,7.2,0,7.2,32975,2154,38491,7096,(X),(X),(X),(X),49.1,(X)
1400000US08031008312,"Census Tract 83.12, Denver County, Colorado",2099,62,12.6,4,5.5,3.5,8.2,3.4,12.7,5.5,20.7,6.8,17.8,6.1,12.5,5.3,6.7,3.3,2.8,3.2,0.3,0.5,41898,3979,53021,7077,46.4,(X),(X),(X),(X),(X),1509,157,13.1,5.7,3,2.7,8.4,5.2,13.4,7,22.8,8.3,18.8,7.8,12.3,5.6,4.6,2.7,3.2,4.4,0.4,0.7,41350,3758,53290,9861,(X),(X),42.9,(X),(X),(X),872,131,9.3,5.5,0,3.4,8.3,7.4,10,8.9,25.6,12.2,18.2,9.9,15.6,9.1,6.8,4.5,5.6,7.3,0.7,1.2,48176,13146,N,N,(X),(X),(X),(X),(X),(X),590,143,20.5,9.8,10.5,8.3,12.7,7.6,9,5.7,14.1,7.7,10.7,6.4,10.7,9.5,10.2,9.2,1.7,2.2,0,5,32647,12319,44025,10227,(X),(X),(X),(X),50.7,(X)
1400000US08031008386,"Census Tract 83.86, Denver County, Colorado",1110,66,1.5,2.1,2.2,2.5,11.8,6.3,18.5,8.9,11.3,6.2,31.5,11.3,11.4,6.3,11,6.3,0,2.7,0.9,1.5,51325,2444,61920,10001,50.9,(X),(X),(X),(X),(X),995,78,1.7,2.4,0,3,11.1,6.8,17.5,9.7,14.7,8.7,29.1,12.5,15.9,7.6,9,5.7,0,3,1,1.7,51372,4666,64009,11568,(X),(X),52.4,(X),(X),(X),681,94,0,4.3,0,4.3,10.9,8,21,12.3,12.8,8.9,25,11.4,18.1,9.4,10.9,6.8,0,4.3,1.5,2.4,59844,25639,N,N,(X),(X),(X),(X),(X),(X),115,52,0,22.7,20.9,21.5,18.3,17.2,27,24.4,18.3,22,15.7,15.6,0,22.7,0,22.7,0,22.7,0,22.7,32798,13786,30747,6908,(X),(X),(X),(X),38.3,(X)
1400000US08031008387,"Census Tract 83.87, Denver County, Colorado",1592,55,3.1,2.5,6.3,4.1,11.1,5.9,7.9,4.6,18.1,6.3,21.4,7.8,22.4,7.2,6.3,3.3,1.8,1.8,1.6,1.6,56458,14934,60300,6112,55.5,(X),(X),(X),(X),(X),1321,99,6.4,4.6,5.4,4.3,15.1,7.6,9.8,6.1,14.6,6.4,19.7,8.8,20.8,8.4,4.2,3.4,2.1,2.1,2,1.9,46984,14065,56886,7481,(X),(X),57.9,(X),(X),(X),916,135,0,3.2,6.1,5.5,13.6,8.6,12.1,8.2,13.1,6.6,20.2,9.8,22.9,9.9,6,4.8,3.1,3.1,2.8,2.8,(X),(X),N,N,(X),(X),(X),(X),(X),(X),271,84,3.3,6,16.6,13.5,3,4.6,3,4.4,19.6,14.9,31.7,16.1,14.8,11.9,8.1,9.6,0,10.5,0,10.5,55729,15867,53857,11502,(X),(X),(X),(X),22.1,(X)
1400000US08031008388,"Census Tract 83.88, Denver County, Colorado",2725,147,2.7,2.5,0.7,1.2,6,3.9,11.7,6.4,14,6.2,25.5,8.6,23.3,5.9,13.2,5.9,1.5,1.7,1.5,1.7,56954,20522,69148,6882,44.2,(X),(X),(X),(X),(X),1593,266,3.3,3,0,1.9,6,4.6,6.3,5.3,21.8,9.3,25,11.1,21,8.7,15.1,8.1,1.3,2,0.2,0.5,56639,21214,67964,7080,(X),(X),45.1,(X),(X),(X),1067,261,1.6,2.6,0,2.8,0,2.8,9.4,7.8,21.6,11,22.4,11.8,27,12.4,15.7,9.7,2,3,0.3,0.8,67530,26796,N,N,(X),(X),(X),(X),(X),(X),1132,267,4.9,5.3,0,2.6,6.1,6.5,19.3,13,9.4,8.2,23.2,16.7,21.7,14,12.1,10.1,0,2.6,3.3,4.3,54351,5812,66432,13116,(X),(X),(X),(X),39.5,(X)
1400000US08031008389,"Census Tract 83.89, Denver County, Colorado",2651,127,1.8,2.1,0,1.1,1.7,1.6,5.1,3.4,10.4,4.9,22.6,8.8,20.1,6.3,23.3,6.3,14,7.1,1,1.2,85568,9253,91037,7425,42.1,(X),(X),(X),(X),(X),2247,192,2.1,2.5,0,1.3,0.6,1.1,5.2,3.8,12.1,5.6,20.6,9.3,18.9,7.4,25.3,7.4,14,7.7,1.2,1.4,88920,8950,92615,8133,(X),(X),40.3,(X),(X),(X),1597,204,0,1.9,0,1.9,0.9,1.5,1.5,1.8,16.5,7.2,21.3,10.7,20.4,8.9,26.8,8.4,10.9,7.3,1.7,2,(X),(X),N,N,(X),(X),(X),(X),(X),(X),404,163,0,7.2,0,7.2,7.4,8.9,4.5,7.6,12.4,11.5,26,16.7,23.8,15.7,15.6,12.4,10.4,14.5,0,7.2,72449,9830,78567,15254,(X),(X),(X),(X),52.5,(X)
1400000US08031008390,"Census Tract 83.90, Denver County, Colorado",2741,106,7.4,5.2,2.8,2.7,7.1,4.2,10.4,5.7,11.4,5.4,19.2,5.8,19.8,6.7,16.8,5.6,4.7,3.7,0.4,0.7,59831,16650,66175,6747,37,(X),(X),(X),(X),(X),2324,181,8.2,6,3.9,3.3,7.3,4.6,9.4,6.3,10.1,5.4,19.4,6.1,19,7.9,18.3,6.1,4.5,4.1,0,1.3,59414,17477,65146,6870,(X),(X),36.4,(X),(X),(X),1491,178,2.8,3.4,1.6,2.6,5.2,4.3,3.5,3.2,13.7,7.6,19.6,8.5,20.7,9.8,26.7,8.5,6.2,6.2,0,2,(X),(X),N,N,(X),(X),(X),(X),(X),(X),417,162,5.3,6.2,5.5,8.7,8.6,9.5,5,5.6,23,17.4,15.6,15.1,19.9,14.6,8.4,13.6,5.8,9.2,2.9,4.8,52188,29553,66292,16959,(X),(X),(X),(X),25.2,(X)
1400000US08031008391,"Census Tract 83.91, Denver County, Colorado",2357,103,0.6,0.9,1.4,2.3,5.5,5.2,8.7,6.2,17.8,7.3,19.5,5.8,26.6,10,12.4,5.1,6.8,5,0.7,1.2,73101,8293,76522,8356,23.8,(X),(X),(X),(X),(X),1924,178,0,1.5,1.7,2.8,7.9,7.2,8.4,6.6,14.9,7,22.2,8.3,27,12.5,10.3,5.3,6.8,6.2,0.9,1.5,72712,8376,76551,10290,(X),(X),23.3,(X),(X),(X),1379,232,0,2.1,0,2.1,1.4,2.3,4.2,4.6,13.7,7.5,23.2,10.7,33.1,15.4,13.7,7.6,9.5,8.8,1.2,2.1,(X),(X),N,N,(X),(X),(X),(X),(X),(X),433,166,3,5.3,0,6.7,0,6.7,18.7,12.9,28.6,19.6,22.6,14.2,9.5,10.8,10.6,11.2,6.9,10.6,0,6.7,47379,8945,64749,16033,(X),(X),(X),(X),25.6,(X)
1400000US08031011902,"Census Tract 119.02, Denver County, Colorado",2742,114,2.6,2.4,2.5,2.5,4.8,3.4,14.4,5.7,16.4,5.1,22.9,8.2,11.2,5.6,20,6.6,4,2.7,1.2,1.5,61458,7941,69982,5406,19.5,(X),(X),(X),(X),(X),1781,231,3.4,3.7,1.9,2.5,2.6,4.1,13.4,6.8,10.7,6.4,21.6,9,14.5,7.5,24,8.7,6.1,4,1.8,2.3,73841,5735,79747,7733,(X),(X),24.3,(X),(X),(X),1309,230,0,2.3,2.5,3.4,3.6,5.5,12.2,7.3,3.8,4.5,19.3,11.2,19.7,10.1,28,10.9,8.3,5.2,2.4,3.2,(X),(X),N,N,(X),(X),(X),(X),(X),(X),961,214,3.1,3.7,3.7,5.2,8.7,6.2,17.9,9.1,25.2,11.6,29.9,14.4,5.1,8,6.3,5.7,0,3.1,0,3.1,44568,8573,48456,6512,(X),(X),(X),(X),10.8,(X)
1400000US08031011903,"Census Tract 119.03, Denver County, Colorado",939,30,4.9,3.7,5.8,3.5,6.3,2.7,12.1,5.9,15.9,4.9,24,5.8,9.7,3.5,14.2,5.2,4.2,2.7,3.1,2,56595,7808,67366,6846,31.6,(X),(X),(X),(X),(X),645,48,4.2,4.2,2.5,3.4,4.5,2.9,11.6,7.6,12.9,5.9,27.8,7.9,7.9,3.9,18.8,7.2,6,4,3.9,3.1,63882,6594,76775,9779,(X),(X),32.4,(X),(X),(X),469,72,2.1,2.6,3.4,4.7,3.8,3.1,9.8,8.9,13.2,6.6,21.5,6.8,10,5.5,22.4,8,8.3,5.3,5.3,4.3,(X),(X),N,N,(X),(X),(X),(X),(X),(X),294,54,6.5,6.8,12.9,6.4,10.2,6.8,13.3,7,28.2,9.5,11.2,9,13.6,8,2.7,3,0,9.7,1.4,2.1,40795,8079,43753,7275,(X),(X),(X),(X),19.7,(X)
1400000US08031012001,"Census Tract 120.01, Denver County, Colorado",885,41,6.4,3.8,4.6,3.3,6.8,3.7,9,3.8,11,4.7,14.6,4.6,8.1,3.1,13.8,4.4,12,4.4,13.7,4.4,71406,7745,114891,16769,30.6,(X),(X),(X),(X),(X),583,62,3.6,3.7,4.1,3.8,3.8,3.9,4.8,3.9,9.6,5.2,9.8,4,11.7,4.5,15.8,5.9,17.5,6.8,19.4,6.7,110083,22979,148172,25047,(X),(X),31.7,(X),(X),(X),489,61,0.8,1.1,3.5,4.2,0.8,1.2,3.5,2.8,10.8,6.1,10.8,4.8,10,4.7,17.6,6.5,19,7.3,23.1,7.7,(X),(X),N,N,(X),(X),(X),(X),(X),(X),302,64,11.9,8.8,7.9,6.8,12.6,9.4,18.5,9.8,13.6,10,20.2,9.4,3.6,3.8,7.6,5.3,1.3,2,2.6,3.5,34063,6692,47794,12256,(X),(X),(X),(X),22.5,(X)
1400000US08031012010,"Census Tract 120.10, Denver County, Colorado",2352,147,4.7,3,2.1,2.6,8.9,4.1,7.3,4.1,11,4.5,23,5.5,14.4,5,11.9,4.2,9.2,3.8,7.5,3.3,61694,10543,86008,8240,16.4,(X),(X),(X),(X),(X),1264,166,1.8,2.8,0,2.3,0.5,1.1,3.1,3.7,10.9,6.7,23.3,6.9,12.3,5.3,18.4,7,17.1,7.1,12.7,6.3,85750,42315,117137,14530,(X),(X),16.7,(X),(X),(X),1067,148,0,2.8,0,2.8,0,2.8,0,2.8,6.8,4.8,23.1,7,12.9,6.5,21.8,8.4,20.2,7.9,15,7.2,(X),(X),N,N,(X),(X),(X),(X),(X),(X),1088,176,8,5.8,4.6,5.5,19.3,8.6,12.1,7.7,15,7.9,22.8,9.3,12.4,6.5,4.3,3.9,0,2.7,1.5,2.2,44435,14126,47868,8678,(X),(X),(X),(X),16,(X)
1400000US08031012014,"Census Tract 120.14, Denver County, Colorado",2925,147,3.7,2.9,4.2,3.3,7.9,3.6,9.9,4.4,13.6,5,27.1,6.4,18.3,5.6,11.4,4.7,1.9,1.9,2.1,1.7,57182,6486,69187,8496,22,(X),(X),(X),(X),(X),1572,244,2.9,4.4,2,2.2,4.2,3,13.2,7.1,6.2,4.3,25.4,7.4,23.5,8.8,16.3,7.9,3.5,3.7,2.8,2.7,72180,6572,78776,10061,(X),(X),28.8,(X),(X),(X),1161,260,4,6,1.4,2.2,2.9,3.6,5.8,5.6,4.1,3.8,26.6,7.9,26.2,10.4,20.5,10.1,4.7,5.1,3.8,3.8,83467,10710,N,N,(X),(X),(X),(X),(X),(X),1353,224,4.7,3.8,7.9,6.3,10.9,7.2,12.9,7.5,21.1,9.4,23.4,9,12.3,7.8,5.6,4.3,0,2.2,1.3,2.2,43750,9782,55963,14918,(X),(X),(X),(X),14,(X)
1400000US08031015300,"Census Tract 153, Denver County, Colorado",2258,133,7.1,4.2,9.5,4.6,12.9,5.5,12,6.1,14.7,5.6,21.6,7.3,10.6,5.8,7.3,4.5,1.7,1.8,2.7,2,42231,5589,55749,7144,21.6,(X),(X),(X),(X),(X),636,161,1.7,3.3,2.5,4,2.2,3.2,12.6,12.4,10.2,8.4,30,16.2,25.9,16.9,6,6.6,6,6.2,2.8,4.7,60500,18456,74210,12647,(X),(X),28.6,(X),(X),(X),444,145,0,6.5,0,6.5,1.8,3.2,18,16.6,9.7,8.9,34.7,21.9,17.1,11.8,6.1,8.1,8.6,9.5,4.1,6.7,(X),(X),N,N,(X),(X),(X),(X),(X),(X),1622,195,9.9,5.9,12.2,6.3,17.4,7.3,11.7,6.8,16.1,6.8,17.6,7.5,4.6,2.6,7.8,5.9,0,1.8,2.6,2.6,34271,10263,48103,9944,(X),(X),(X),(X),18.5,(X)
1400000US08031015400,"Census Tract 154, Denver County, Colorado",1631,71,3.1,3.4,4.4,3.1,8.3,3.7,12,5.4,14.7,5.4,17.7,5.6,15.6,5,16.7,4.5,4.3,2.4,3.1,2.2,56691,13976,70659,5555,23.5,(X),(X),(X),(X),(X),789,100,0,3.7,4.3,5.1,7.4,6,7.1,4.6,8.5,5.5,15.1,6.9,19.3,6.5,28.1,7,4.8,3.5,5.4,4.3,82411,15415,88044,9355,(X),(X),16.9,(X),(X),(X),530,84,0,5.5,0,5.5,4.3,4.3,7,6.1,3.8,4,14.9,7.4,19.6,7.9,35.1,10.1,7.2,5.1,8.1,6.5,(X),(X),N,N,(X),(X),(X),(X),(X),(X),842,111,6.1,6.5,4.5,3.5,12.4,6.7,14.4,7.6,20.5,8.3,19.2,7.9,12.2,6.9,5.9,4.4,3.8,3.6,1,1.6,44167,2776,53602,6873,(X),(X),(X),(X),25.8,(X)
1400000US08031015500,"Census Tract 155, Denver County, Colorado",1748,82,6.6,3.4,6.2,3.4,12.8,4.7,20.4,6.2,17.5,5,19.1,5.7,11.5,4.3,5,2.9,0.5,0.8,0.4,0.6,38080,4296,46045,4197,27.2,(X),(X),(X),(X),(X),585,113,5.6,6.3,2.9,4.1,21.2,9.7,16.1,10.1,13.7,7.9,21.7,10.4,12,7.3,5.5,4.8,1.4,2.5,0,5,41201,9928,48098,7052,(X),(X),26.7,(X),(X),(X),381,99,6.6,9.1,0,7.6,17.8,11.5,10.8,10.7,10,9.9,26,12.8,18.4,11.3,8.4,7.2,2.1,3.9,0,7.6,55250,9468,N,N,(X),(X),(X),(X),(X),(X),1163,133,7.1,4.2,7.9,4.3,9.4,4.5,23.5,8.7,19.4,7,18.5,7.3,8.9,4.7,4.8,3.9,0,2.5,0.6,0.9,36181,4934,43829,5542,(X),(X),(X),(X),27.4,(X)
1400000US08031015600,"Census Tract 156, Denver County, Colorado",2219,89,21.4,6.8,9.3,4.6,17.3,6.9,13.6,5.8,11.3,4.4,17.2,7.1,4.3,3,2.7,2.3,1.7,2.1,1.3,2.2,26173,4619,39714,9474,28.8,(X),(X),(X),(X),(X),1384,161,19.3,8.4,5.7,5,17.9,9.7,15.8,8.6,13.5,5.6,19,8.6,2.6,2.2,2.8,2.7,1.2,2,2.1,3.4,27525,3439,42860,15080,(X),(X),23.2,(X),(X),(X),786,180,7.1,8.9,3.1,3.7,18.3,11.7,15.6,10.7,16.3,8.4,32.1,13.1,1,1.7,2.8,3.2,0,3.7,3.7,6.1,(X),(X),N,N,(X),(X),(X),(X),(X),(X),835,158,25.6,11.4,15.2,8.3,16.3,8.1,9.1,9.2,10.8,9.9,10.9,7.4,7.2,7.2,2.4,3.9,2.5,4.1,0,3.5,19850,7129,32904,7589,(X),(X),(X),(X),33.3,(X)
1400000US08031015700,"Census Tract 157, Denver County, Colorado",2037,131,15,5.8,5.8,4.1,9.3,5.4,11.6,5.9,16.6,6.2,15.9,5.4,6.5,4.3,14.1,5.7,2.9,3.6,2.3,2.1,41650,6003,58263,7906,25.6,(X),(X),(X),(X),(X),1217,167,9.3,7.8,0,2.4,12.6,8.2,9.4,6.6,17.2,9.2,12.1,7.4,10.2,7.3,20.6,9.9,4.9,6,3.8,3.5,52120,24305,74010,12623,(X),(X),25.6,(X),(X),(X),787,154,1.5,2.3,0,3.7,7.8,7.5,5.7,6.6,13.2,8.7,14.2,9.7,14.7,11.4,29.4,14.1,7.6,9.2,5.8,5.4,(X),(X),N,N,(X),(X),(X),(X),(X),(X),820,159,23.5,10,14.4,9.8,4.5,4.4,15,10.3,15.7,8.8,21.5,10.7,2,3,3.4,4.9,0,3.6,0,3.6,27596,8053,33987,6800,(X),(X),(X),(X),25.6,(X)
1400000US08031980000,"Census Tract 9800, Denver County, Colorado",529,74,6.4,6.6,12.3,6,10.4,6.9,11.2,6.3,14.6,6.3,24.2,8.4,6.2,5.1,9.8,6,0,5.5,4.9,5.6,45125,9357,55503,12244,27.2,(X),(X),(X),(X),(X),290,67,2.1,3.1,13.8,9,12.8,11.4,4.5,3.8,8.6,7.1,34.1,13.4,7.9,7.3,7.2,7.8,0,9.8,9,9.8,60385,11782,64786,17950,(X),(X),30.7,(X),(X),(X),175,55,3.4,5.4,0,15.7,17.1,17.3,2.9,3.8,3.4,4.4,37.7,17.3,8.6,10.9,12,13,0,15.7,14.9,16,67125,10678,N,N,(X),(X),(X),(X),(X),(X),239,70,11.7,13.2,10.5,8,7.5,7.8,19.2,12.2,23,11.1,12.1,8,2.9,4,13,10.8,0,11.8,0,11.8,37083,14038,43514,9829,(X),(X),(X),(X),23,(X)
1400000US08031980100,"Census Tract 9801, Denver County, Colorado",0,11,-,**,-,**,-,**,-,**,-,**,-,**,-,**,-,**,-,**,-,**,-,**,-,**,-,(X),(X),(X),(X),(X),0,11,-,**,-,**,-,**,-,**,-,**,-,**,-,**,-,**,-,**,-,**,-,**,-,**,(X),(X),-,(X),(X),(X),0,11,-,**,-,**,-,**,-,**,-,**,-,**,-,**,-,**,-,**,-,**,-,**,-,**,(X),(X),(X),(X),(X),(X),0,11,-,**,-,**,-,**,-,**,-,**,-,**,-,**,-,**,-,**,-,**,-,**,-,**,(X),(X),(X),(X),-,(X)
